time,ax (m/s^2),ay (m/s^2),az (m/s^2),aT (m/s^2)
0.007650,-2.0405,1.2345,-1.2298,2.683
0.008073,-1.9901,1.1990,-1.3996,2.712
0.008290,-2.0522,1.1115,-1.4941,2.771
0.014087,-2.0915,0.9057,-1.5587,2.761
0.017986,-2.0854,0.8864,-1.5813,2.763
0.023370,-2.1018,1.1098,-1.6098,2.871
0.028018,-2.2062,1.4107,-1.6940,3.119
0.033135,-2.3068,1.5823,-1.7864,3.319
0.038266,-2.4884,1.5804,-1.8916,3.503
0.043118,-2.6371,1.5083,-1.8503,3.557
0.048017,-2.7066,1.5904,-1.8133,3.625
0.053370,-2.7391,1.5371,-1.7089,3.576
0.058091,-2.7144,1.4024,-1.6035,3.451
0.063882,-2.7691,1.4211,-1.3129,3.378
0.068267,-2.7530,1.4223,-0.9785,3.250
0.073052,-2.5045,1.1034,-0.6863,2.822
0.078089,-2.6371,1.0846,-0.5667,2.907
0.083668,-3.0532,1.2974,-0.7471,3.401
0.088276,-3.0510,1.3175,-1.0095,3.473
0.093502,-2.7566,1.2252,-1.1610,3.232
0.098467,-2.3820,1.1216,-1.1241,2.863
0.103000,-2.1232,0.9808,-1.0023,2.545
0.108104,-1.9058,0.8299,-0.9153,2.271
0.113516,-1.8072,0.7623,-0.9177,2.165
0.117978,-1.7307,0.7236,-0.9354,2.096
0.123139,-1.7305,0.7644,-1.0184,2.149
0.128188,-1.7888,0.8419,-1.0903,2.258
0.133171,-1.8672,0.9560,-1.0606,2.351
0.138073,-1.9061,1.0302,-0.9866,2.381
0.143291,-1.9415,1.1238,-0.9445,2.434
0.148150,-1.9184,1.1223,-0.9196,2.405
0.153189,-1.8823,1.1255,-0.9088,2.374
0.158333,-1.8636,1.0684,-0.7782,2.285
0.163200,-1.9256,0.9931,-0.5661,2.239
0.168138,-1.9573,0.9079,-0.1841,2.165
0.173585,-1.9032,0.8092,0.1960,2.077
0.178146,-1.8182,0.8528,0.5628,2.086
0.183561,-1.7228,0.8989,0.8524,2.122
0.188460,-1.6761,0.8567,0.9698,2.118
0.193130,-1.6827,0.7718,0.9635,2.087
0.198336,-1.6523,0.6424,0.9221,1.998
0.203675,-1.6484,0.4708,0.9051,1.939
0.208154,-1.6169,0.3199,0.8860,1.871
0.213963,-1.5796,0.3475,0.9479,1.875
0.218337,-1.6045,0.5169,1.1690,2.051
0.223682,-1.7061,0.5344,1.3342,2.231
0.228141,-1.7623,0.4082,1.3843,2.278
0.233694,-1.7222,0.3185,1.3671,2.222
0.238231,-1.6933,0.2753,1.2896,2.146
0.243171,-1.6349,0.2622,1.2779,2.092
0.248389,-1.5752,0.2788,1.4050,2.129
0.253360,-1.5425,0.1818,1.5532,2.196
0.258156,-1.5023,0.0949,1.7864,2.336
0.263801,-1.4620,0.1176,1.9614,2.449
0.268181,-1.3960,0.1851,2.0996,2.528
0.273321,-1.3200,0.2621,2.2012,2.580
0.279119,-1.1902,0.3494,2.2733,2.590
0.283321,-1.0157,0.4932,2.3446,2.602
0.288170,-0.8290,0.6437,2.3388,2.563
0.293758,-0.6886,0.8583,2.2778,2.530
0.298538,-0.6663,1.0440,2.1953,2.521
0.303237,-0.6882,1.1026,2.0273,2.408
0.308429,-0.5897,1.0890,1.8339,2.213
0.313487,-0.3895,1.0838,1.6011,1.972
0.318336,-0.1299,1.0627,1.2884,1.675
0.323674,0.0885,1.0163,0.9838,1.417
0.328146,0.2709,0.9161,0.5869,1.121
0.333202,0.5205,0.8165,0.1453,0.979
0.338687,0.7472,0.7292,-0.2959,1.085
0.343334,1.0083,0.7661,-0.7251,1.459
0.348337,1.2724,0.9054,-1.1260,1.925
0.354069,1.4773,1.0872,-1.4368,2.330
0.358332,1.6658,1.3070,-1.6982,2.714
0.363399,1.8175,1.5936,-1.8935,3.071
0.368483,1.8934,1.8522,-2.1199,3.393
0.373410,1.8633,1.9813,-2.3571,3.599
0.379803,1.8593,1.9648,-2.6134,3.761
0.383726,1.9132,1.8843,-2.8852,3.941
0.388507,1.9551,1.6998,-3.1904,4.110
0.393333,2.0618,1.5506,-3.3038,4.192
0.400300,2.2140,1.5375,-3.0038,4.036
0.403527,2.3428,1.6860,-2.3282,3.708
0.408290,2.4264,1.8442,-1.6086,3.446
0.414033,2.4056,1.9155,-0.9415,3.216
0.419602,2.3189,1.9866,-0.0847,3.055
0.423722,2.1631,2.0393,0.6922,3.052
0.428708,1.9313,2.2820,1.2975,3.259
0.433387,1.6146,2.4471,1.6221,3.351
0.439871,1.2772,2.6464,1.8049,3.449
0.443468,0.9849,2.8165,1.6789,3.424
0.448296,0.9265,2.9186,1.3164,3.333
0.453677,1.0147,2.8019,0.7970,3.085
0.459977,1.2026,2.5525,0.3266,2.840
0.463225,1.4070,2.2006,-0.0903,2.613
0.468388,1.5844,1.8620,-0.4513,2.486
0.473556,1.7958,1.5346,-0.6587,2.452
0.480060,1.9932,1.1321,-0.7841,2.423
0.483134,2.1573,0.7711,-0.7223,2.402
0.488697,2.2653,0.4460,-0.4903,2.360
0.493323,2.3322,0.1959,-0.1311,2.344
0.500113,2.4161,-0.0814,0.3172,2.438
0.503715,2.4268,-0.3162,0.8147,2.579
0.508283,2.4629,-0.4873,1.3378,2.845
0.513762,2.4963,-0.6065,1.7919,3.132
0.520059,2.5944,-0.6923,2.1205,3.422
0.523401,2.6813,-0.6985,2.2863,3.592
0.528328,2.8477,-0.7254,2.2612,3.708
0.533836,2.9883,-0.7820,1.9217,3.638
0.539858,2.8878,-0.7714,1.4476,3.321
0.543151,2.7655,-0.7233,0.9842,3.023
0.548663,2.8380,-0.6813,0.5596,2.972
0.553415,3.0752,-0.6547,0.0728,3.145
0.559818,4.0518,-0.5257,-0.5058,4.117
0.563536,5.8237,-0.0631,-0.8401,5.884
0.568269,8.5015,0.6110,-0.6901,8.551
0.573448,10.1767,1.1252,-0.0024,10.239
0.580563,10.3052,1.2016,0.5870,10.392
0.583586,8.4018,0.2912,1.4081,8.524
0.588491,6.4131,-0.7751,2.2915,6.854
0.594487,5.7568,-1.1263,3.3593,6.760
0.600676,6.0800,-0.9152,4.8070,7.805
0.603885,6.8018,-0.6137,5.3835,8.696
0.608965,7.1142,-0.3614,4.7315,8.552
0.613737,6.7879,-0.0822,4.1980,7.982
0.620232,6.2739,0.3398,4.0041,7.451
0.623955,5.7728,0.8509,3.7163,6.918
0.628459,5.1497,1.4579,3.1529,6.212
0.633795,4.3956,2.1225,2.6765,5.567
0.640254,3.8208,2.8583,2.4602,5.369
0.643339,3.3959,3.4371,2.4641,5.424
0.648559,3.3024,3.9834,2.6516,5.814
0.653914,3.4127,4.4894,3.0984,6.434
0.660408,3.5162,4.7701,3.6848,6.978
0.663675,3.7246,4.8895,4.2197,7.456
0.668744,3.8228,4.7178,4.7157,7.688
0.673527,3.8161,4.2878,5.0901,7.672
0.680044,3.7671,3.7921,5.4198,7.612
0.683411,3.6643,3.2821,5.7271,7.550
0.688857,3.5689,2.7347,5.9145,7.429
0.696147,3.4483,2.1346,6.0183,7.257
0.700511,3.1552,1.5981,5.9343,6.908
0.703398,2.6564,1.2155,5.6606,6.370
0.708555,2.0287,0.9246,5.2980,5.748
0.714284,1.3364,0.6997,4.8253,5.056
0.720112,0.5910,0.4155,4.2997,4.360
0.723697,-0.1296,0.2944,3.8196,3.833
0.728779,-0.8780,0.2238,3.3660,3.486
0.733690,-1.5484,0.1487,2.9366,3.323
0.740071,-2.1307,0.0640,2.4433,3.242
0.743864,-2.6075,-0.0757,1.8744,3.212
0.748430,-2.9540,-0.2775,1.2352,3.214
0.753921,-3.1978,-0.5292,0.5616,3.290
0.760300,-3.3682,-0.8184,-0.1727,3.471
0.764094,-3.4875,-1.1493,-0.9031,3.781
0.769342,-3.5938,-1.6240,-1.6704,4.283
0.774014,-4.1640,-2.0955,-2.6180,5.346
0.780082,-4.0000,-2.7388,-2.9125,5.655
0.783289,-3.6477,-3.1619,-3.5534,5.994
0.788832,-3.5445,-3.6946,-4.2605,6.661
0.794778,-3.7628,-4.3024,-4.9074,7.533
0.800032,-4.3063,-4.8459,-5.5998,8.567
0.803936,-4.8922,-5.2388,-6.2640,9.519
0.808449,-5.5453,-5.4620,-6.8624,10.377
0.813731,-6.2786,-5.5807,-7.3238,11.145
0.820205,-7.0382,-5.5529,-7.5937,11.749
0.823400,-7.8764,-5.4490,-7.6916,12.284
0.828824,-8.8586,-5.2990,-7.5411,12.784
0.833857,-9.8461,-5.1971,-7.3617,13.347
0.840185,-10.6211,-5.0366,-7.0667,13.715
0.843486,-11.1986,-4.9612,-6.7371,13.979
0.848770,-11.5655,-4.8963,-6.4249,14.107
0.854108,-11.6709,-4.9155,-6.0705,14.044
0.860345,-11.4632,-5.0697,-5.8077,13.814
0.864020,-10.9912,-5.2455,-5.6058,13.407
0.868456,-10.4534,-5.4224,-5.4007,12.955
0.873670,-9.8378,-5.5589,-5.2622,12.465
0.880389,-9.2751,-5.6660,-5.1095,12.010
0.883325,-8.9233,-5.6532,-4.8904,11.640
0.888597,-8.7156,-5.4397,-4.7410,11.315
0.894446,-8.5742,-5.0120,-4.5419,10.921
0.900233,-8.5280,-4.5072,-4.1878,10.516
0.903573,-8.6099,-3.9546,-3.5877,10.131
0.908726,-8.8445,-3.3097,-2.8654,9.869
0.913793,-9.1360,-2.6303,-2.0417,9.724
0.919995,-9.3485,-1.9243,-1.0567,9.603
0.924038,-9.3824,-1.3376,0.0297,9.477
0.928787,-9.1065,-0.8409,1.1374,9.216
0.933544,-8.4804,-0.4351,2.1647,8.763
0.940287,-7.4866,-0.0465,3.1050,8.105
0.943513,-6.4123,0.2572,4.0425,7.585
0.948532,-5.2983,0.4129,5.0924,7.360
0.953833,-4.3860,0.2185,6.3123,7.690
0.959882,-3.3613,-0.0025,7.3392,8.072
0.963665,-2.0415,-0.0850,8.1001,8.354
0.969413,-0.5642,-0.0291,8.7000,8.718
0.973586,1.0401,0.1597,9.0750,9.136
0.980273,2.8497,0.6476,9.1554,9.611
0.983084,4.8779,1.4522,8.9632,10.307
0.988575,7.1881,2.4000,8.6739,11.518
0.994286,8.8097,2.7049,8.6554,12.643
1.000537,9.8090,2.4072,8.9333,13.484
1.003672,10.8877,2.1559,9.1958,14.414
1.008587,11.9573,2.2335,9.3749,15.358
1.014340,12.6545,2.4264,9.3320,15.909
1.020238,12.8574,2.6471,8.9848,15.907
1.023382,12.5744,2.7855,8.1631,15.248
1.028942,12.2455,2.6951,6.7213,14.227
1.034248,12.0291,2.4262,5.0215,13.259
1.040191,11.7153,2.2334,3.4991,12.429
1.043976,11.2014,2.1400,2.2503,11.624
1.049056,10.5743,2.0106,1.2785,10.839
1.054047,9.8968,1.8422,0.5739,10.083
1.060373,9.0382,1.6521,0.1130,9.189
1.063696,7.8374,1.5488,-0.0738,7.989
1.068679,6.2554,1.5654,-0.0747,6.449
1.073919,4.6233,1.8268,0.0991,4.972
1.080322,3.0556,2.3097,0.2976,3.842
1.083887,1.7211,2.8291,0.4685,3.344
1.089012,0.6819,3.2178,0.5832,3.341
1.094689,0.0590,3.3127,0.6030,3.368
1.100624,-0.1193,3.1783,0.6633,3.249
1.104188,0.1351,2.7317,0.7871,2.846
1.108617,0.7245,2.1192,1.0619,2.479
1.113728,1.4879,1.3983,1.2940,2.417
1.120653,2.4092,0.6861,1.4248,2.882
1.123592,3.3229,0.0274,1.5063,3.648
1.128665,4.4242,-0.6098,1.7339,4.791
1.134070,5.5838,-1.1832,1.7965,5.984
1.140072,6.4443,-1.6167,1.2690,6.764
1.144411,7.0487,-1.8553,0.5368,7.308
1.148882,7.6794,-1.8277,-0.0881,7.894
1.153765,8.3307,-1.8091,-0.7391,8.557
1.160348,8.7127,-1.8373,-1.4277,9.018
1.163972,8.7871,-1.8899,-2.0892,9.228
1.168788,8.5790,-1.8447,-2.7598,9.199
1.173811,8.0486,-1.7968,-3.4136,8.925
1.180484,7.2774,-1.6811,-3.9390,8.444
1.183992,6.5094,-1.6426,-4.3679,8.009
1.189086,5.8179,-1.6232,-4.6678,7.634
1.194311,5.1876,-1.6413,-4.7441,7.219
1.200328,4.7629,-1.6657,-4.5737,6.810
1.204043,4.5944,-1.7491,-4.2722,6.513
1.209536,4.6806,-1.8600,-3.9500,6.401
1.213950,4.8400,-1.9027,-3.4946,6.266
1.220388,5.1167,-2.0538,-2.9085,6.234
1.224359,5.7184,-2.2267,-2.3163,6.559
1.228996,6.4706,-2.4257,-1.5914,7.091
1.234073,7.2228,-2.4105,-0.5472,7.634
1.240777,7.7322,-2.0986,0.7572,8.048
1.244328,7.6947,-1.4232,2.0271,8.084
1.249004,7.2695,-0.4962,3.0328,7.892
1.254313,6.5788,0.5345,3.6325,7.534
1.260659,5.5719,1.8228,3.8173,6.996
1.264121,4.5411,3.3189,3.7131,6.740
1.269365,3.6985,4.9641,3.5525,7.137
1.274065,2.9045,6.5184,3.6107,7.998
1.280454,2.0615,7.7958,4.0076,9.005
1.284244,1.3449,8.5188,4.7486,9.845
1.288986,1.0341,8.8781,5.6556,10.577
1.295017,1.1050,8.9586,6.6586,11.217
1.301494,1.1518,8.6005,7.7648,11.644
1.303978,1.2232,7.8396,8.9864,11.988
1.308841,1.2749,6.7799,10.2788,12.379
1.314269,1.2058,5.6534,11.6171,12.976
1.320536,0.9601,4.5549,12.7448,13.568
1.323871,0.4942,3.5771,13.6449,14.115
1.329170,-0.2709,2.6001,14.2117,14.450
1.334008,-1.2729,1.6388,14.4306,14.579
1.340428,-2.2825,0.7731,14.2625,14.465
1.344447,-3.2963,0.0657,13.6554,14.048
1.348991,-4.2472,-0.5226,12.7123,13.413
1.353927,-5.1054,-0.9322,11.5516,12.664
1.360784,-5.8220,-1.2779,10.3367,11.932
1.363883,-6.3361,-1.6223,9.1233,11.226
1.368928,-6.6698,-2.0348,7.8616,10.509
1.375508,-6.8569,-2.5780,6.6000,9.860
1.380634,-6.8797,-3.1282,5.4040,9.291
1.383961,-6.6624,-3.6369,4.1959,8.673
1.389242,-6.2930,-4.1206,2.9183,8.068
1.394275,-6.0437,-4.7126,1.6454,7.839
1.401033,-5.8302,-5.3915,0.4687,7.955
1.404323,-5.7307,-6.0718,-0.5394,8.367
1.408863,-5.6829,-6.7834,-1.4043,8.960
1.414092,-5.6799,-7.5014,-2.0629,9.633
1.420616,-5.7133,-8.1200,-2.5456,10.250
1.423887,-5.7802,-8.6672,-3.0069,10.843
1.429076,-5.7899,-9.0442,-3.4031,11.265
1.434551,-5.7934,-9.3046,-3.8391,11.614
1.440530,-5.7536,-9.5489,-4.3677,11.973
1.444111,-5.7531,-9.8359,-4.9941,12.441
1.449717,-5.7597,-10.1043,-5.7171,12.960
1.454022,-5.7147,-10.2806,-6.5473,13.462
1.460492,-5.6291,-10.4059,-7.3429,13.924
1.464357,-5.5234,-10.5004,-7.9903,14.304
1.468968,-5.2555,-10.5488,-8.4909,14.526
1.474800,-4.8093,-10.5483,-8.8381,14.578
1.480855,-4.1417,-10.5177,-9.1183,14.523
1.484213,-3.3315,-10.4666,-9.2212,14.342
1.489177,-2.3541,-10.4195,-9.2733,14.146
1.494483,-1.3939,-10.3960,-9.1111,13.894
1.502690,-0.5693,-10.3641,-8.8217,13.622
1.504080,-0.0416,-10.2615,-8.4560,13.297
1.512811,0.1890,-10.0265,-8.0622,12.867
1.514534,0.0673,-9.6306,-7.7340,12.352
1.520494,-0.4400,-9.2840,-7.4460,11.909
1.524150,-1.2050,-8.9949,-7.1783,11.571
1.529167,-2.1414,-8.7991,-6.9860,11.437
1.534482,-3.1024,-8.5521,-6.7814,11.347
1.541584,-4.0358,-8.2429,-6.4557,11.221
1.544371,-4.9560,-7.7242,-6.0321,10.982
1.549509,-5.7664,-6.8778,-5.4450,10.498
1.554562,-6.4073,-5.7032,-4.6889,9.776
1.560535,-6.9313,-4.3268,-3.8416,9.029
1.564016,-7.1764,-2.7932,-2.9784,8.257
1.569328,-6.9389,-1.1711,-2.2321,7.383
1.574518,-6.4964,0.4071,-1.6372,6.712
1.580545,-6.0217,1.8594,-1.1303,6.403
1.584303,-5.6795,3.0372,-0.7913,6.489
1.589153,-5.3554,4.0149,-0.5304,6.714
1.594417,-4.8827,5.0527,-0.2125,7.030
1.601931,-4.2429,6.3803,0.3628,7.671
1.605104,-3.7496,7.7989,1.2361,8.741
1.611788,-3.6257,8.7577,2.1928,9.729
1.614719,-3.8072,9.0344,3.1121,10.286
1.620577,-4.1587,8.7836,4.1274,10.558
1.624319,-4.5613,8.2639,5.3007,10.826
1.629425,-4.8390,7.6012,6.5081,11.115
1.634573,-4.7897,6.8393,7.6855,11.348
1.640539,-4.3734,6.1245,8.8863,11.645
1.644386,-3.7066,5.5739,9.9435,11.987
1.649149,-2.8606,5.1329,10.6852,12.194
1.654396,-1.9829,4.7513,10.8743,12.031
1.660772,-1.0900,4.3434,10.4466,11.366
1.664123,-0.1891,3.9406,9.3394,10.138
1.669188,0.6645,3.5712,7.7634,8.571
1.674779,1.4736,3.2709,6.0269,7.014
1.680386,2.2651,2.9933,4.3638,5.756
1.684296,3.0929,2.6697,2.8267,4.968
1.690512,3.9233,2.2974,1.4425,4.770
1.695063,4.7187,1.7992,0.0998,5.051
1.701555,5.3783,1.2504,-1.2209,5.655
1.705566,5.9286,0.7069,-2.4125,6.440
1.709537,6.2312,0.1380,-3.4297,7.114
1.714322,6.2303,-0.3968,-4.2009,7.525
1.720679,5.9267,-0.8386,-4.7092,7.616
1.724101,5.4991,-1.0911,-4.9043,7.449
1.729296,5.1372,-1.2231,-4.9628,7.247
1.734628,4.8899,-1.2509,-4.8888,7.027
1.740499,4.8567,-1.3529,-4.7725,6.942
1.744286,5.0987,-1.4679,-4.6634,7.064
1.749616,5.5766,-1.6468,-4.5612,7.390
1.754275,6.3132,-1.8945,-4.5135,7.989
1.760530,7.2687,-2.1649,-4.5087,8.823
1.764634,8.3086,-2.4142,-4.6478,9.822
1.769337,9.3607,-2.5647,-4.8760,10.862
1.774528,10.3745,-2.6156,-5.1079,11.856
1.780548,11.3022,-2.6377,-5.4515,12.823
1.784413,12.0416,-2.7561,-5.8333,13.661
1.789367,12.6131,-3.0576,-6.1583,14.365
1.794939,13.0966,-3.5623,-6.3911,15.002
1.801058,13.4941,-4.2640,-6.5034,15.575
1.804172,13.7246,-5.1498,-6.4475,16.014
1.811175,13.6699,-6.2292,-6.1275,16.224
1.814896,13.5892,-7.3222,-5.4064,16.356
1.820483,13.5094,-8.1976,-4.2494,16.363
1.824624,13.4350,-8.8024,-2.7961,16.303
1.829240,13.3510,-9.1959,-1.2936,16.263
1.834380,13.1076,-9.4298,0.1306,16.148
1.840768,12.6478,-9.4736,1.4276,15.867
1.844291,12.0045,-9.2956,2.5741,15.399
1.849336,11.3023,-8.8226,3.6159,14.787
1.854743,10.4131,-7.9334,4.5411,13.856
1.860303,9.3414,-6.8218,5.1846,12.676
1.864035,7.9200,-5.7636,5.4746,11.221
1.869415,6.0096,-4.7439,5.3622,9.347
1.874250,3.7658,-3.6484,4.9512,7.212
1.880435,1.4486,-2.3102,4.5237,5.282
1.884419,-0.4820,-0.7399,4.2448,4.336
1.889525,-1.9194,0.8548,4.2272,4.721
1.894143,-2.7591,2.3507,4.6104,5.865
1.901147,-3.1023,3.6309,5.2719,7.113
1.904556,-2.9828,4.6709,6.1735,8.296
1.909182,-2.4986,5.4916,7.1839,9.381
1.914928,-1.6352,6.0731,8.0839,10.242
1.920262,-0.6754,6.2214,8.9555,10.925
1.924326,0.3065,6.1057,9.8066,11.556
1.929501,1.1293,5.8631,10.7028,12.256
1.934444,1.4993,5.4031,11.6287,12.910
1.940374,1.4233,4.7039,12.5166,13.447
1.944469,1.1112,3.9472,13.2031,13.825
1.949326,0.4629,3.1074,13.3884,13.752
1.954307,-0.7004,2.2839,13.2008,13.415
1.960598,-2.2988,1.7774,12.7583,13.085
1.964463,-4.1686,1.6756,12.1024,12.909
1.969428,-6.0260,1.6915,11.2910,12.910
1.974641,-7.5806,1.6683,10.2285,12.840
1.981025,-8.6970,1.5668,8.9815,12.600
1.984353,-9.2563,1.3603,7.6046,12.057
1.989776,-9.2634,1.0934,6.2288,11.216
1.994482,-8.9383,0.7981,4.9609,10.254
2.001084,-8.3639,0.4584,3.7836,9.191
2.005437,-7.7995,0.0030,2.6390,8.234
2.009308,-7.2595,-0.6319,1.4838,7.436
2.014281,-6.7480,-1.4291,0.3153,6.905
2.020579,-6.2012,-2.3136,-0.8379,6.672
2.024356,-5.6268,-3.2370,-2.0095,6.795
2.029310,-5.1206,-4.0791,-3.1112,7.248
2.034879,-4.7185,-4.8276,-4.1694,7.934
2.040552,-4.4179,-5.4535,-5.2509,8.765
2.044222,-4.3066,-6.0235,-6.3316,9.743
2.049622,-4.6283,-6.5206,-7.3105,10.834
2.054353,-5.2907,-6.9044,-8.1085,11.892
2.062074,-6.2340,-7.2566,-8.5984,12.863
2.064612,-7.3304,-7.5682,-8.8377,13.752
2.069299,-8.2812,-7.8562,-8.9629,14.513
2.074525,-9.0620,-8.0874,-8.9411,15.082
2.080760,-9.6883,-8.3928,-8.8555,15.580
2.084278,-10.1230,-8.7908,-8.8401,16.059
2.089847,-10.2278,-9.2206,-8.8952,16.394
2.095141,-10.0312,-9.5859,-9.0092,16.543
2.103492,-9.5383,-9.8026,-9.0263,16.387
2.104411,-8.7640,-9.9617,-8.9742,16.018
2.109762,-7.8107,-10.0797,-8.9660,15.588
2.114540,-6.9441,-10.1584,-8.9900,15.239
2.120309,-6.1597,-10.2171,-9.0051,14.947
2.124819,-5.5651,-10.1770,-9.0581,14.717
2.129391,-5.2760,-10.0556,-9.0492,14.520
2.134539,-5.3386,-9.8872,-8.8283,14.290
2.140632,-5.6108,-9.7373,-8.5061,14.094
2.144286,-5.9911,-9.6466,-8.1674,13.988
2.149549,-6.2923,-9.4214,-7.6484,13.669
2.155259,-6.7849,-8.9691,-6.7090,13.095
2.160538,-7.5451,-8.3398,-5.3965,12.474
2.164475,-8.5261,-7.5853,-4.0382,12.105
2.169718,-9.2687,-6.7167,-2.6223,11.743
2.174557,-9.5225,-5.5346,-1.0988,11.069
2.180334,-9.2937,-4.3057,0.5587,10.258
2.184454,-8.9221,-3.4210,2.0195,9.767
2.189519,-8.3218,-3.0648,2.8746,9.323
2.195666,-7.4464,-2.8147,3.4312,8.669
2.203232,-6.6243,-2.3724,4.3626,8.279
2.208133,-6.0536,-1.5741,5.8921,8.593
2.209451,-5.8034,-0.5024,7.9812,9.881
2.215060,-5.7313,0.5858,10.4039,11.893
2.220275,-5.8970,1.4044,12.7578,14.125
2.224578,-6.1933,1.9502,14.6430,16.018
2.229907,-6.3738,2.3923,15.9492,17.341
2.234540,-6.2804,2.7835,16.6843,18.043
2.240453,-5.9345,3.0169,16.9326,18.194
2.244591,-5.2483,3.0532,16.9501,18.005
2.249511,-4.1641,2.8967,16.6662,17.421
2.254861,-2.8634,2.7988,15.9548,16.450
2.260643,-1.4510,2.7337,14.8570,15.176
2.264657,0.0766,2.6998,13.4809,13.749
2.269498,1.7669,2.7009,11.8294,12.262
2.274881,3.5412,2.7535,9.8688,10.840
2.280289,5.2440,2.8133,7.8279,9.833
2.284462,6.6495,2.8996,6.0663,9.456
2.290035,7.6054,2.9159,4.5947,9.352
2.294822,8.2178,2.7715,3.5653,9.377
2.302877,8.5948,2.4731,2.9396,9.414
2.306931,8.9011,2.0244,2.6219,9.497
2.309547,8.8122,1.3158,2.5693,9.273
2.314593,9.1430,0.8988,2.3680,9.487
2.320776,9.4490,0.5670,1.9591,9.667
2.324785,9.5230,0.1788,1.4197,9.630
2.329550,9.4950,-0.1488,0.9104,9.540
2.335037,9.5015,-0.4786,0.3431,9.520
2.340472,9.4337,-0.9539,-0.3926,9.490
2.344428,9.1923,-1.2826,-1.0531,9.341
2.349913,8.9654,-1.5650,-1.6725,9.253
2.354619,8.8606,-1.7824,-2.1313,9.286
2.360256,8.6098,-1.5748,-2.8849,9.216
2.365012,8.5123,-1.5651,-2.9508,9.144
2.369581,9.0114,-2.0127,-2.5585,9.581
2.374928,9.5607,-2.0841,-2.5780,10.119
2.380849,9.7346,-1.9019,-2.8468,10.319
2.384558,9.8240,-1.7768,-3.1738,10.476
2.389592,10.0766,-1.7371,-3.3852,10.771
2.394826,10.4955,-1.7485,-3.5581,11.219
2.402847,10.9174,-1.8580,-3.7436,11.690
2.404703,11.3566,-2.0763,-3.9898,12.215
2.409991,11.9347,-2.3756,-4.2496,12.889
2.414842,12.4279,-2.6016,-4.5541,13.489
2.420331,12.7900,-2.7038,-4.7332,13.903
2.424801,13.0727,-2.8139,-4.7864,14.203
2.429455,13.1940,-2.9038,-4.6917,14.301
2.434478,13.1075,-3.0245,-4.5246,14.192
2.440569,12.7748,-3.1318,-4.2983,13.838
2.444638,12.2034,-3.2032,-4.0500,13.251
2.449639,11.5128,-3.2353,-3.7498,12.533
2.455209,10.5751,-3.4398,-3.3968,11.628
2.460366,9.6779,-3.6689,-3.0699,10.796
2.464696,9.0218,-3.7385,-2.6758,10.126
2.470746,8.4624,-3.7424,-2.1382,9.497
2.474922,7.8387,-3.7308,-1.5866,8.825
2.480445,7.0976,-3.7875,-1.1024,8.120
2.484913,6.6165,-3.7017,-0.6930,7.613
2.489737,6.2815,-3.2574,-0.2346,7.080
2.494853,6.0158,-2.5190,0.2270,6.526
2.500727,6.0689,-1.2326,0.5932,6.221
2.508883,6.1854,0.3636,0.9019,6.261
2.509681,5.9564,1.9301,1.0897,6.355
2.515392,5.2091,3.2201,1.2314,6.247
2.520571,3.9813,4.5364,1.6551,6.258
2.524650,2.5581,6.0949,2.9196,7.226
2.529992,0.5752,7.6194,5.3032,9.301
2.534941,-2.0927,8.2671,8.4783,12.025
2.540415,-4.8701,8.0090,11.6853,14.980
2.545344,-7.1153,7.2585,14.2767,17.525
2.549662,-8.6493,6.5098,16.1419,19.436
2.555085,-9.6493,5.8284,17.3932,20.727
2.560407,-10.2647,4.9247,18.1823,21.453
2.564791,-10.4993,3.8896,18.7216,21.814
2.570293,-10.4464,2.8173,19.1232,21.972
2.575081,-10.3349,1.7845,19.2082,21.885
2.580312,-10.3389,0.6279,18.7752,21.443
2.584483,-10.3065,-0.5523,17.6887,20.480
2.589981,-10.0322,-1.5459,16.0264,18.971
2.597313,-9.5557,-2.2067,13.8374,16.960
2.601693,-9.0828,-2.5058,11.4151,14.801
2.605372,-8.7847,-2.5460,8.9093,12.768
2.609761,-8.4785,-2.5088,6.4215,10.928
2.614993,-8.0751,-2.3699,4.0676,9.347
2.620692,-7.4742,-2.1477,1.8788,8.000
2.624768,-6.8084,-1.9112,-0.0632,7.072
2.630104,-6.1537,-1.6839,-1.7944,6.628
2.635084,-5.4620,-1.5204,-3.3987,6.610
2.640462,-4.8266,-1.4820,-4.8308,6.988
2.644922,-4.3735,-1.6156,-6.0745,7.658
2.650004,-4.0788,-1.9586,-7.0158,8.348
2.655318,-3.8936,-2.4505,-7.6363,8.915
2.660406,-3.8294,-3.1793,-7.8964,9.334
2.665041,-3.7585,-3.9297,-7.8160,9.522
2.669692,-3.6927,-4.7216,-7.4465,9.559
2.674797,-3.6624,-5.5605,-7.0158,9.672
2.680618,-3.7280,-6.3634,-6.6223,9.912
2.684658,-3.8439,-7.1099,-6.2660,10.227
2.689903,-3.9403,-7.6888,-5.9039,10.464
2.697077,-4.0237,-8.2208,-5.6484,10.755
2.702171,-4.1238,-8.7789,-5.4918,11.146
2.705479,-4.1576,-9.2705,-5.4579,11.533
2.710048,-4.1011,-9.6846,-5.5722,11.902
2.714826,-3.9135,-9.9448,-5.9038,12.209
2.720299,-3.7207,-10.1063,-6.4544,12.555
2.724999,-3.4545,-10.2284,-7.2023,12.978
2.730042,-3.2184,-10.2840,-8.1041,13.483
2.735051,-2.9201,-10.3100,-9.1697,14.103
2.740673,-2.5435,-10.2586,-10.3520,14.794
2.744780,-2.2919,-10.0898,-11.5368,15.497
2.750008,-2.1643,-9.8999,-12.5379,16.121
2.755515,-2.0897,-9.8595,-13.3748,16.747
2.760507,-2.1724,-9.9665,-14.0504,17.363
2.764966,-2.3858,-10.0395,-14.3935,17.710
2.770139,-2.8098,-9.8918,-14.1415,17.485
2.774893,-3.5591,-9.5677,-13.1341,16.635
2.780430,-4.5205,-9.1228,-11.2871,15.201
2.785072,-5.3473,-8.4910,-9.0041,13.482
2.789920,-5.9900,-7.7403,-6.4969,11.747
2.797070,-6.6087,-6.9930,-4.0212,10.428
2.800673,-7.3511,-6.1763,-1.9004,9.788
2.805021,-7.8659,-5.3160,-0.3960,9.502
2.809787,-8.1224,-4.6103,0.5478,9.356
2.815242,-8.5782,-4.1529,1.1973,9.605
2.820376,-9.2167,-3.7702,1.9097,10.139
2.824838,-9.9053,-3.1261,3.1913,10.866
2.830225,-10.5309,-2.1120,5.1668,11.919
2.835889,-11.1159,-0.9892,7.5474,13.472
2.840417,-11.5642,-0.0380,9.8628,15.199
2.845251,-11.7133,0.4843,11.8671,16.681
2.849889,-11.3023,0.8308,13.4504,17.588
2.855199,-10.4072,1.2385,14.7155,18.066
2.860860,-9.3732,1.5995,15.6483,18.311
2.864913,-8.5019,1.8394,16.2973,18.473
2.869956,-7.6837,1.8693,16.5792,18.369
2.875233,-6.8477,1.8397,16.4777,17.939
2.880342,-5.9626,1.7401,16.1016,17.258
2.884949,-4.9671,1.6411,15.4768,16.337
2.890410,-3.8640,1.5944,14.6075,15.194
2.896691,-2.5626,1.6044,13.4093,13.746
2.902322,-1.2238,1.6404,11.9526,12.127
2.905801,0.0011,1.7626,10.3074,10.457
2.909800,0.9011,1.8586,8.6660,8.909
2.915017,1.6669,2.0289,6.9881,7.465
2.920789,2.3571,2.2282,5.3266,6.236
2.924909,2.9612,2.3876,3.6793,5.292
2.929938,3.5397,2.4526,2.1776,4.826
2.935776,4.1454,2.3809,0.8689,4.859
2.940469,4.8174,2.2332,-0.2555,5.316
2.944944,5.4770,2.0942,-1.2068,5.987
2.950240,5.9526,1.9932,-2.0173,6.594
2.954994,6.4819,1.8736,-2.7268,7.277
2.960320,7.0206,1.6596,-3.3506,7.954
2.965238,7.5624,1.3547,-3.8734,8.604
2.970118,8.1915,0.9528,-4.3732,9.335
2.975025,8.9016,0.4552,-4.7341,10.092
2.980679,9.6727,0.0273,-4.9185,10.851
2.985890,10.4806,-0.4149,-4.8835,11.570
2.990561,11.2874,-0.8964,-4.6093,12.225
2.995735,12.0771,-1.3732,-4.1735,12.851
3.000741,12.8872,-1.7254,-3.6583,13.507
3.004889,13.5420,-1.9384,-3.2364,14.058
3.013288,14.1989,-2.1069,-3.0424,14.673
3.015134,14.8809,-2.1570,-3.2022,15.374
3.020574,15.3067,-2.2478,-3.6321,15.892
3.025199,15.4383,-2.2701,-4.2347,16.169
3.030025,15.3951,-2.2172,-4.8940,16.306
3.035089,15.2842,-2.2119,-5.4223,16.368
3.040624,14.9713,-2.2747,-5.6530,16.164
3.045213,14.4048,-2.3943,-5.3857,15.564
3.050027,13.8683,-2.7481,-5.0777,15.022
3.055458,13.3830,-3.1830,-4.6953,14.536
3.060354,13.1426,-3.6036,-4.0302,14.211
3.064979,12.9846,-3.9751,-3.1871,13.948
3.070331,12.9001,-4.4735,-2.2918,13.845
3.075231,12.8515,-5.0708,-1.4297,13.890
3.080360,12.8847,-5.6196,-0.4829,14.065
3.085297,13.0311,-5.7740,0.3746,14.258
3.090175,13.2271,-5.3146,1.0570,14.294
3.095792,13.1488,-4.5452,1.4520,13.988
3.104788,12.4439,-3.5958,1.5330,13.043
3.105692,11.2163,-2.3272,1.5240,11.556
3.115714,9.5293,-0.8962,1.6144,9.707
3.116474,7.0927,0.9124,2.3648,7.532
3.120264,4.0798,3.2573,4.2606,6.739
3.124916,1.2145,5.7101,7.2078,9.275
3.130580,-1.3197,7.2445,10.6136,12.918
3.135541,-3.5288,7.3103,13.8636,16.065
3.140491,-4.6643,7.0433,16.9034,18.897
3.145323,-5.0767,6.2916,19.4382,21.052
3.149984,-5.3935,5.0860,21.1379,22.400
3.155281,-5.5478,3.5731,22.3632,23.316
3.160664,-5.5062,2.1663,23.5001,24.234
3.165142,-5.5669,1.1001,24.4041,25.055
3.170181,-5.9217,0.3109,25.0004,25.694
3.176230,-6.4707,-0.4667,25.1523,25.976
3.180499,-7.0450,-1.3238,24.6777,25.698
3.185054,-7.4511,-2.2943,23.2358,24.509
3.190403,-7.3805,-2.9310,20.7457,22.214
3.195211,-7.2281,-3.2374,17.7579,19.444
3.203577,-7.2755,-3.5443,14.6306,16.720
3.207542,-7.4654,-3.8150,11.3669,14.124
3.210421,-7.5773,-3.9039,8.1582,11.799
3.215166,-7.5305,-3.6743,5.2311,9.878
3.220627,-7.2430,-3.3062,2.7020,8.408
3.225073,-6.7937,-2.9724,0.5133,7.433
3.230318,-6.2923,-2.8221,-1.3880,7.034
3.235814,-5.7495,-2.7678,-2.9950,7.049
3.240549,-5.0831,-2.9106,-4.3850,7.317
3.245411,-4.4440,-3.2744,-5.5734,7.844
3.250777,-3.8404,-3.8896,-6.6487,8.607
3.255548,-3.0394,-4.5751,-7.4687,9.271
3.260651,-2.0974,-5.2643,-7.9793,9.787
3.265345,-1.4107,-6.0252,-8.2648,10.325
3.270175,-1.2083,-6.8210,-8.3465,10.847
3.275624,-1.2454,-7.5735,-8.1746,11.213
3.280579,-1.3776,-8.2364,-7.7878,11.419
3.285199,-1.6690,-8.6176,-7.4082,11.486
3.290277,-2.2428,-8.9373,-7.1213,11.646
3.295958,-2.9813,-9.2477,-6.9289,11.934
3.302011,-3.6663,-9.4788,-6.8497,12.256
3.305123,-4.1496,-9.6893,-6.9657,12.634
3.310535,-4.3113,-10.0084,-7.2491,13.088
3.315097,-4.2655,-10.4236,-7.6393,13.609
3.320687,-4.0780,-10.9316,-8.0827,14.194
3.325483,-3.7059,-11.4930,-8.5948,14.822
3.330201,-3.1388,-12.1730,-9.1742,15.563
3.335623,-2.3104,-12.8976,-9.8100,16.368
3.340655,-1.3909,-13.4514,-10.5197,17.133
3.345187,-0.6884,-13.7754,-11.2076,17.772
3.350288,-0.4034,-13.8998,-11.6866,18.164
3.355825,-0.4461,-13.7628,-11.7174,18.081
3.360445,-0.9340,-13.4469,-11.6785,17.835
3.365027,-1.6707,-12.9922,-11.4953,17.428
3.370696,-2.7767,-12.4842,-11.1033,16.937
3.375412,-4.2527,-11.9061,-10.4561,16.406
3.380269,-5.7554,-11.3125,-9.7060,15.978
3.385803,-6.9716,-10.5183,-8.9141,15.450
3.390438,-7.8529,-9.6082,-8.1772,14.861
3.395271,-8.5736,-8.5627,-7.5074,14.254
3.402503,-9.3029,-7.7370,-6.9029,13.930
3.405119,-10.0166,-7.6234,-6.2223,14.042
3.412519,-10.5601,-7.8259,-5.4388,14.225
3.415879,-10.8792,-7.7958,-4.1836,14.023
3.420671,-10.9360,-7.3424,-2.2092,13.356
3.425211,-11.0411,-6.9485,0.5935,13.059
3.430479,-11.3764,-6.8001,4.2239,13.911
3.435533,-11.7834,-6.8259,8.1436,15.867
3.440983,-11.8787,-6.7908,11.9876,18.191
3.445631,-11.5500,-6.4064,15.1502,20.099
3.450246,-10.9300,-5.5651,17.6025,21.454
3.455540,-10.0672,-4.4632,19.3419,22.257
3.460865,-9.0860,-3.2933,20.3269,22.507
3.465348,-8.0786,-2.1443,20.3872,22.034
3.470311,-7.1401,-0.9869,19.5105,20.799
3.476216,-6.4079,0.0603,17.9767,19.085
3.480991,-5.7325,1.2853,16.2324,17.263
3.485311,-5.2226,2.5375,14.5246,15.642
3.491037,-4.7418,3.6523,12.7094,14.048
3.496367,-4.2867,4.4420,10.8236,12.460
3.501872,-3.8476,4.9555,9.0638,11.023
3.506548,-3.2721,5.3781,7.4540,9.757
3.511301,-2.5897,5.7560,5.9655,8.685
3.516051,-1.9347,6.0177,4.6727,7.861
3.520881,-1.2354,6.0177,3.5739,7.107
3.525322,-0.3218,5.9550,2.5978,6.505
3.530713,0.6297,5.7634,1.7238,6.049
3.535729,1.7132,5.3098,0.9743,5.664
3.540790,2.9713,4.6931,0.2506,5.560
3.545270,4.3668,3.9789,-0.4851,5.928
3.550606,5.7868,3.2392,-1.0498,6.714
3.556042,7.1574,2.4382,-1.5566,7.720
3.560580,8.5961,1.6020,-2.0562,8.983
3.566375,10.0323,0.8811,-2.5418,10.387
3.570815,11.4057,0.2461,-2.9221,11.777
3.575902,12.7252,-0.3231,-3.2305,13.133
3.580864,13.7935,-0.7561,-3.5224,14.256
3.585670,14.6750,-1.0392,-3.7534,15.183
3.590387,15.3823,-1.1733,-3.8684,15.905
3.595782,15.8121,-1.1778,-3.7638,16.296
3.601694,16.1605,-1.2010,-3.6291,16.606
3.606987,16.4799,-1.2634,-3.6085,16.918
3.611574,16.8802,-1.2443,-3.5710,17.299
3.616247,17.3576,-1.1361,-3.5332,17.750
3.620849,17.8498,-1.1055,-3.5873,18.240
3.625682,18.2692,-1.1449,-3.7171,18.679
3.630476,18.5658,-1.3091,-3.9846,19.034
3.635630,18.8081,-1.5928,-4.3769,19.376
3.640878,18.8697,-2.0077,-4.9354,19.608
3.645367,18.8691,-2.3241,-5.5076,19.793
3.650823,18.7164,-2.5854,-6.0537,19.840
3.656195,18.3789,-2.9377,-6.5077,19.717
3.660614,17.9535,-3.2117,-6.7203,19.437
3.665709,17.4342,-3.3627,-6.8432,19.029
3.671163,16.9493,-3.6639,-6.8060,18.629
3.676003,16.3887,-4.1465,-6.5965,18.147
3.680655,15.7731,-4.5785,-5.9730,17.477
3.686214,15.2084,-4.8796,-4.9069,16.709
3.690484,14.7330,-5.0911,-3.5946,15.997
3.696690,14.1875,-5.0410,-2.1418,15.208
3.700937,13.4140,-4.6337,-0.7746,14.213
3.705317,12.4575,-3.8123,0.0769,13.028
3.710702,11.0633,-2.8195,0.2209,11.419
3.719575,8.9002,-1.7129,0.2366,9.067
3.721189,6.1651,-0.3200,0.7110,6.214
3.725871,3.5244,1.6033,2.1376,4.423
3.731086,1.2202,3.9554,4.7485,6.299
3.736371,-1.3484,6.0470,8.1888,10.268
3.740686,-4.3798,7.1178,11.7660,14.432
3.746020,-7.5610,6.9505,15.0064,18.184
3.750643,-10.0769,6.2873,17.7137,21.327
3.755691,-11.4684,5.7161,20.0767,23.817
3.761400,-12.3083,5.0770,22.2251,25.908
3.765484,-13.2914,4.0251,24.3928,28.069
3.770902,-14.4148,2.6840,26.7712,30.524
3.776251,-15.5457,1.4593,29.1819,33.097
3.781179,-16.5287,0.4893,31.1035,35.226
3.785471,-17.1556,-0.2717,31.9476,36.263
3.791138,-17.2341,-0.9969,31.4647,35.889
3.795397,-16.5593,-1.5722,29.6892,34.031
3.800877,-15.3543,-2.0087,26.9361,31.070
3.805613,-13.7978,-2.4021,23.4891,27.348
3.816644,-12.1921,-2.8423,19.5093,23.181
3.817494,-10.7495,-3.1496,15.4430,19.078
3.821383,-9.4443,-3.3104,11.5355,15.272
3.826102,-8.2338,-3.4647,8.0174,12.003
3.830366,-7.1289,-3.6861,4.8507,9.378
3.836185,-6.0675,-3.7592,2.1686,7.460
3.841020,-5.1147,-3.7965,-0.0186,6.370
3.845625,-4.3353,-3.8819,-1.8142,6.096
3.850914,-3.8039,-4.0174,-3.2864,6.435
3.855846,-3.4777,-4.2143,-4.5422,7.105
3.861024,-3.3009,-4.5337,-5.5267,7.874
3.866008,-3.2495,-4.8839,-6.3622,8.654
3.870852,-3.2731,-5.3887,-6.9719,9.400
3.875939,-3.2970,-5.9852,-7.4277,10.093
3.881636,-3.2721,-6.7423,-7.7576,10.786
3.885694,-3.2035,-7.4494,-8.0875,11.453
3.890583,-3.0833,-8.1256,-8.4016,12.088
3.896211,-2.8572,-8.8020,-8.8032,12.772
3.900909,-2.6383,-9.4755,-9.2955,13.533
3.905574,-2.4191,-10.0670,-9.8260,14.274
3.910897,-2.2226,-10.6291,-10.3035,14.969
3.916209,-2.0694,-11.1046,-10.6967,15.557
3.921127,-1.9662,-11.5444,-10.8973,15.997
3.925808,-1.9221,-11.9564,-10.9696,16.340
3.930813,-1.9062,-12.2964,-10.9319,16.563
3.935794,-1.7820,-12.5796,-10.8724,16.722
3.941277,-1.6053,-12.6799,-10.9271,16.815
3.945566,-1.3764,-12.7741,-11.2995,17.110
3.950909,-1.2320,-12.8375,-11.8420,17.509
3.956663,-1.1391,-12.9311,-12.5582,18.062
3.961381,-1.1848,-13.0532,-13.3926,18.739
3.965620,-1.3506,-13.2067,-14.3092,19.519
3.971251,-1.5606,-13.4090,-15.1808,20.315
3.976413,-1.8553,-13.4720,-15.8944,20.918
3.981066,-2.1549,-13.4160,-16.3984,21.296
3.985929,-2.5224,-13.3311,-16.6643,21.489
3.990764,-3.1096,-13.1742,-16.4144,21.276
3.996210,-3.8603,-12.9638,-15.5634,20.620
4.001536,-4.5409,-12.7877,-14.2101,19.649
4.007994,-4.8467,-12.5588,-12.5227,18.386
4.013295,-4.8656,-12.1733,-10.4925,16.792
4.017302,-4.6450,-11.5869,-8.3363,15.011
4.020971,-4.2734,-10.8733,-6.2864,13.267
4.025606,-3.8433,-10.0076,-4.4402,11.603
4.034397,-3.6217,-9.0019,-2.7212,10.077
4.036148,-3.8470,-7.9671,-1.0978,8.915
4.041003,-4.6417,-6.9217,0.6827,8.362
4.046112,-5.6762,-5.8829,2.6133,8.582
4.050662,-6.4964,-4.7040,4.7933,9.344
4.056180,-7.0305,-3.4498,7.2584,10.678
4.061628,-7.2862,-2.0654,9.6158,12.240
4.066139,-7.1991,-0.8803,11.3578,13.476
4.070592,-6.7660,-0.3242,12.5119,14.228
4.076001,-5.7938,-0.0894,13.4286,14.625
4.081312,-4.2419,0.0786,14.4966,15.105
4.086061,-2.6064,0.1274,15.7775,15.992
4.091089,-1.2257,-0.0016,17.1896,17.233
4.096491,-0.2558,-0.0574,18.7110,18.713
4.101007,0.4811,0.2090,20.2764,20.283
4.107039,0.9201,0.6849,21.6535,21.684
4.111595,1.0069,1.3460,22.5264,22.589
4.116199,0.9186,2.1362,22.6386,22.758
4.121454,0.8026,3.0018,21.8136,22.034
4.125836,0.6505,3.8511,20.1195,20.495
4.130725,0.5418,4.5942,17.9218,18.509
4.136233,0.5080,5.2522,15.4564,16.332
4.141202,0.4572,5.8674,12.8901,14.170
4.145635,0.4294,6.2630,10.6002,12.320
4.151117,0.4991,6.4504,8.5919,10.755
4.156157,0.6797,6.5788,6.8807,9.544
4.161168,0.9978,6.4401,5.3518,8.433
4.166207,1.4547,6.0871,3.8859,7.367
4.170698,2.1046,5.5368,2.5559,6.451
4.176329,2.9290,4.9186,1.2337,5.856
4.181804,3.8178,4.1708,-0.0483,5.655
4.185815,4.7023,3.3296,-1.2555,5.897
4.191063,5.5395,2.4075,-2.3773,6.491
4.196987,6.4435,1.4719,-3.3969,7.431
4.201373,7.3907,0.6005,-4.2978,8.571
4.208166,8.2520,-0.1870,-4.9969,9.649
4.212817,9.0582,-0.7372,-5.6409,10.696
4.217142,9.8376,-1.0907,-6.1632,11.660
4.221068,10.4954,-1.2665,-6.4836,12.401
4.226459,11.0822,-1.3631,-6.7062,13.025
4.230653,11.6402,-1.2443,-6.7298,13.503
4.236158,12.1391,-1.1258,-6.6401,13.882
4.241441,12.6084,-1.0582,-6.5683,14.256
4.246241,13.1384,-1.0507,-6.6665,14.770
4.250828,13.6675,-1.0669,-6.9379,15.365
4.257160,14.1888,-1.1951,-7.2747,15.990
4.262211,14.7321,-1.3823,-7.5898,16.630
4.266324,15.2781,-1.7071,-7.9825,17.322
4.271381,15.7819,-2.1691,-8.3413,17.982
4.276316,16.2736,-2.6292,-8.5905,18.589
4.281210,16.6637,-3.0180,-8.8313,19.099
4.286406,16.9461,-3.4074,-8.8876,19.436
4.290942,17.1664,-3.8503,-8.6848,19.620
4.297184,17.1661,-4.2676,-8.2512,19.518
4.301434,17.0192,-4.7195,-7.6511,19.248
4.305890,16.9587,-5.0033,-6.7887,18.940
4.310630,16.6191,-5.1030,-5.6950,18.294
4.319142,15.6258,-5.0011,-4.3169,16.965
4.322309,13.9802,-4.4537,-2.9000,14.956
4.325864,11.7285,-3.6133,-1.5918,12.375
4.331541,9.0352,-2.6161,-0.6888,9.431
4.336108,6.2094,-1.6417,-0.1884,6.426
4.341228,3.6767,-0.5765,0.1461,3.724
4.346109,1.6137,0.8698,0.8581,2.024
4.350761,-0.1782,2.2803,2.1292,3.125
4.356115,-1.7110,3.3327,4.2939,5.698
4.361217,-3.3987,3.8178,7.3657,8.966
4.365796,-5.1194,3.8776,10.7237,12.500
4.370887,-6.3960,3.6745,14.0015,15.826
4.376446,-7.2501,3.3308,17.2581,19.013
4.381260,-7.8876,2.8672,20.7523,22.385
4.385989,-8.4725,2.4110,24.0805,25.641
4.391238,-9.0998,1.9181,27.1569,28.705
4.396125,-9.7945,1.6157,29.7800,31.391
4.401095,-10.4969,1.4484,31.5598,33.291
4.406279,-11.1833,1.2994,32.1912,34.103
4.410957,-11.7471,1.0395,31.5542,33.686
4.416574,-11.9676,0.7314,29.5813,31.919
4.421539,-11.8687,0.4358,26.6008,29.132
4.425954,-11.4986,0.0969,23.1504,25.849
4.431026,-10.9483,-0.1579,19.7486,22.581
4.436557,-10.2481,-0.3704,16.7418,19.633
4.442056,-9.4861,-0.6099,14.1748,17.067
4.445992,-8.7079,-0.9464,12.0230,14.875
4.451350,-8.0063,-1.4505,10.1798,13.032
4.456745,-7.3397,-2.0368,8.5117,11.422
4.461601,-6.5508,-2.6910,6.8196,9.832
4.466258,-5.7727,-3.3257,5.0310,8.348
4.471051,-5.1679,-3.9659,3.1923,7.254
4.476095,-4.7356,-4.5433,1.3191,6.694
4.481680,-4.4608,-5.0968,-0.5228,6.793
4.485937,-4.3324,-5.6512,-2.3970,7.513
4.491158,-4.2150,-6.1286,-4.1178,8.502
4.496261,-4.0970,-6.5399,-5.7220,9.607
4.501138,-3.9976,-6.9081,-7.2557,10.786
4.506854,-3.9433,-7.2822,-8.7172,12.024
4.511394,-3.9386,-7.6899,-9.9902,13.208
4.516605,-3.9165,-8.1140,-11.0870,14.286
4.521121,-3.9154,-8.6096,-12.0008,15.280
4.526142,-3.8469,-9.2246,-12.5859,16.072
4.531077,-3.7522,-9.9674,-12.7993,16.651
4.537191,-3.5315,-10.8079,-12.7772,17.104
4.541663,-3.2122,-11.6804,-12.6486,17.514
4.545961,-2.7071,-12.5377,-12.5716,17.960
4.551014,-2.0654,-13.4206,-12.5061,18.460
4.556403,-1.2645,-14.2236,-12.5055,18.981
4.561892,-0.4299,-14.8523,-12.6977,19.545
4.566027,0.4083,-15.3102,-13.0440,20.118
4.571717,1.1487,-15.5911,-13.5629,20.697
4.576787,1.7599,-15.6002,-14.2078,21.174
4.581710,2.1280,-15.3459,-15.0229,21.580
4.586987,2.1417,-15.0142,-15.8432,21.932
4.591192,1.8370,-14.7221,-16.5580,22.232
4.596400,1.5517,-14.2871,-17.3026,22.492
4.601706,1.1398,-13.8163,-17.8493,22.601
4.606172,0.2801,-13.3247,-18.0772,22.459
4.616778,-0.6430,-12.7059,-17.8655,21.932
4.619194,-1.6814,-11.9810,-17.2586,21.077
4.621294,-2.7985,-11.3787,-16.3006,20.075
4.625996,-3.6623,-10.9049,-15.0726,18.961
4.631770,-4.2208,-10.5451,-13.8117,17.882
4.636791,-4.5448,-10.2264,-12.5406,16.808
4.641412,-4.7270,-10.0356,-11.1586,15.734
4.646509,-4.9423,-9.9969,-9.5992,14.714
4.651084,-5.1043,-9.7014,-7.9084,13.517
4.656418,-5.3477,-9.1090,-6.1428,12.219
4.661680,-5.9769,-8.3288,-4.1225,11.049
4.666269,-7.0057,-7.4433,-1.4360,10.322
4.671175,-8.2517,-6.2077,2.1789,10.553
4.676429,-9.5576,-4.7304,6.3956,12.435
4.681479,-11.0259,-3.0635,10.8421,15.764
4.686729,-12.5229,-1.5854,14.7004,19.376
4.691545,-13.5753,-0.4966,17.6516,22.274
4.696319,-13.9930,0.1831,19.7217,24.182
4.701382,-13.9220,0.3537,21.4327,25.560
4.706414,-13.5189,0.0471,23.1810,26.835
4.711696,-12.8849,-0.5104,25.0641,28.187
4.716293,-12.0117,-0.9036,27.2090,29.756
4.721870,-11.0585,-0.8358,29.5594,31.571
4.726103,-10.1380,-0.3656,31.5267,33.119
4.731195,-9.3093,0.2694,32.4854,33.794
4.736575,-8.6088,0.9939,31.9088,33.065
4.741541,-7.8789,1.7386,29.6454,30.724
4.746169,-7.0073,2.4524,25.9609,27.002
4.751289,-6.1864,2.9297,21.4877,22.552
4.756446,-5.5548,3.3876,16.9708,18.175
4.761391,-5.1376,3.8483,12.6748,14.208
4.766411,-4.7051,4.1943,8.6620,10.713
4.772074,-4.0495,4.4558,5.1069,7.895
4.776355,-3.1867,4.5596,2.0730,5.937
4.781927,-1.9694,4.5237,-0.4322,4.953
4.786243,-0.4980,4.2728,-2.4243,4.938
4.791170,1.1525,3.8276,-3.9767,5.639
4.796484,2.8628,3.3136,-5.0966,6.719
4.801393,4.4186,2.6759,-5.8787,7.826
4.808091,5.9431,1.9763,-6.2837,8.872
4.816576,7.7295,1.3097,-6.4413,10.147
4.817238,9.8129,0.6948,-6.3616,11.715
4.821673,11.9432,0.1957,-6.1553,13.437
4.826369,14.1024,-0.0916,-6.0914,15.362
4.831271,16.2125,-0.2019,-6.3174,17.401
4.836457,18.0259,-0.2176,-6.7367,19.245
4.841774,19.6420,-0.0587,-7.2861,20.950
4.846228,20.9427,0.2873,-7.8614,22.371
4.851148,21.9519,0.8182,-8.4008,23.519
4.856912,22.6467,1.4359,-9.0378,24.426
4.861526,23.1269,1.9877,-9.6066,25.121
4.866221,23.3816,2.5068,-9.8909,25.511
4.871622,23.5416,2.8992,-9.9952,25.739
4.876248,23.4745,3.0932,-10.0524,25.723
4.881599,23.1676,3.0315,-10.0186,25.422
4.886624,22.6801,2.7640,-9.7683,24.848
4.891285,22.1576,2.2493,-9.2716,24.124
4.896626,21.5739,1.6107,-8.3785,23.200
4.904424,20.8889,0.7651,-7.3910,22.171
4.911704,20.2936,-0.4385,-6.4181,21.289
4.912378,19.7814,-1.9324,-5.3404,20.581
4.916861,19.2730,-3.4984,-4.0439,20.001
4.921601,18.7511,-4.9688,-2.7326,19.590
4.926092,17.9359,-6.1734,-1.5577,19.032
4.931656,16.7103,-6.7875,-0.3016,18.039
4.936367,15.0621,-6.7359,0.9041,16.524
4.941527,12.9908,-6.0221,1.9633,14.453
4.946586,10.7340,-4.5706,2.9761,12.040
4.951227,8.4676,-2.4035,3.8246,9.597
4.956495,5.8892,0.3625,4.2457,7.269
4.962312,2.6310,3.4369,4.2053,6.035
4.966315,-1.0689,6.4936,3.9791,7.690
4.971330,-4.7772,9.3446,4.2715,11.331
4.977493,-8.4323,11.5630,5.8603,15.464
4.981728,-12.0879,12.5690,8.7618,19.516
4.986467,-15.3682,12.1442,12.1600,23.055
4.991803,-17.5412,10.9177,15.2797,25.697
4.996737,-18.4393,9.3267,18.0301,27.424
5.004325,-18.6755,7.5165,21.0543,29.130
5.011849,-18.6307,5.4876,24.1882,31.021
5.012817,-18.5164,3.3384,27.2042,33.077
5.016622,-18.2032,1.3473,29.7964,34.943
5.021893,-17.6572,-0.2655,31.5298,36.138
5.026390,-16.7529,-1.5462,31.8787,36.046
5.031360,-15.5077,-2.6446,30.8134,34.597
5.036923,-13.9662,-3.5853,28.3737,31.827
5.041607,-12.1786,-4.2346,24.6971,27.860
5.046327,-10.4606,-4.6375,20.3939,23.385
5.051675,-9.0075,-4.9764,16.0576,19.072
5.056391,-7.7840,-5.0718,12.0977,15.253
5.061819,-6.7143,-5.0232,8.6779,12.067
5.066499,-5.8338,-4.8624,5.6560,9.469
5.071477,-5.0632,-4.6000,3.0075,7.473
5.076315,-4.2882,-4.3973,0.7020,6.182
5.081839,-3.5634,-4.3599,-1.3401,5.788
5.086602,-2.9483,-4.4639,-3.1111,6.189
5.091364,-2.4228,-4.7561,-4.6981,7.111
5.097094,-2.0434,-5.1297,-6.0696,8.205
5.103591,-1.8485,-5.6190,-7.2190,9.333
5.106402,-1.8585,-6.1869,-8.0654,10.334
5.114442,-1.9293,-6.9283,-8.5399,11.165
5.116602,-2.0125,-7.7931,-8.6619,11.824
5.121590,-2.0756,-8.7174,-8.4522,12.318
5.126553,-2.0952,-9.6781,-8.0720,12.776
5.131549,-1.9900,-10.7435,-7.6225,13.322
5.136489,-1.8293,-11.7952,-7.1425,13.910
5.141913,-1.6820,-12.6620,-6.7614,14.452
5.146524,-1.6026,-13.4815,-6.6687,15.126
5.151365,-1.5354,-14.1707,-6.7905,15.789
5.156780,-1.3046,-14.6798,-7.1225,16.369
5.162045,-0.9398,-14.9895,-7.6943,16.875
5.166285,-0.5277,-15.1304,-8.5472,17.386
5.171748,-0.2309,-15.1970,-9.6584,18.008
5.177352,-0.0516,-15.2239,-10.9642,18.761
5.181729,0.0755,-15.2143,-12.3774,19.613
5.186734,0.2612,-15.0972,-13.8079,20.461
5.191603,0.4205,-14.8066,-15.2162,21.235
5.197033,0.3778,-14.4035,-16.5788,21.965
5.203791,0.1584,-14.0019,-17.7977,22.646
5.206463,-0.2118,-13.7158,-18.7628,23.242
5.215655,-0.7334,-13.5328,-19.3395,23.615
5.217447,-1.3206,-13.3267,-19.2417,23.443
5.221837,-1.8977,-13.1707,-18.3650,22.679
5.226346,-2.4639,-13.1863,-16.8944,21.572
5.231881,-2.8514,-13.3680,-15.0197,20.308
5.236464,-3.0194,-13.5878,-13.1634,19.158
5.241740,-2.8453,-13.5609,-11.5592,18.045
5.246684,-2.6637,-13.3272,-10.0232,16.887
5.251520,-2.6931,-12.8551,-8.4514,15.618
5.256543,-3.0768,-12.1703,-7.0880,14.416
5.261961,-3.6909,-11.2902,-6.1678,13.384
5.266328,-4.5111,-10.0764,-5.3851,12.283
5.271552,-5.5491,-8.6872,-4.5927,11.285
5.276960,-6.7023,-7.3408,-3.5275,10.548
5.281741,-8.0506,-6.0844,-1.5893,10.216
5.286526,-9.1997,-5.0030,1.3783,10.562
5.292106,-10.1226,-4.1138,5.1494,12.079
5.296846,-10.8701,-3.6116,9.2873,14.746
5.301820,-11.3657,-3.5596,13.4668,17.978
5.306732,-11.2702,-3.7451,17.4483,21.107
5.311815,-10.5897,-3.9152,21.3173,24.123
5.322375,-9.5656,-3.9400,25.1660,27.209
5.323004,-8.4555,-3.7285,28.6643,30.117
5.326499,-7.3943,-3.3611,31.1890,32.229
5.331378,-6.3877,-2.7463,32.4391,33.176
5.336946,-5.5055,-1.8223,32.4557,32.970
5.341956,-4.7419,-0.7052,31.2915,31.657
5.346524,-4.0604,0.4614,28.8494,29.137
5.352229,-3.3976,1.6212,25.4776,25.754
5.356775,-2.7506,2.7199,21.8072,22.148
5.361889,-1.9501,3.7400,18.3031,18.783
5.366966,-1.1984,4.7153,14.8715,15.647
5.371577,-0.4808,5.5716,11.5682,12.849
5.377220,0.1871,6.3830,8.4584,10.598
5.383380,0.9731,6.9488,5.5327,8.936
5.386788,1.8719,7.2079,2.8022,7.957
5.391978,2.8622,7.2122,0.3557,7.768
5.396999,3.9452,6.9449,-1.8030,8.188
5.402090,5.1157,6.4994,-3.5678,9.008
5.406471,6.2840,5.9972,-4.9171,9.982
5.414356,7.3119,5.4107,-5.6831,10.726
5.420557,8.1662,4.7113,-6.0352,11.194
5.421902,8.9112,3.9875,-6.0946,11.509
5.426870,9.5591,3.3271,-5.9632,11.748
5.431632,10.1418,2.7579,-5.6892,11.951
5.436760,10.6768,2.2311,-5.4385,12.188
5.442614,11.1749,1.7582,-5.2758,12.482
5.446502,11.6587,1.3364,-5.2637,12.862
5.451673,12.1656,1.0208,-5.4243,13.359
5.456955,12.6686,0.8597,-5.7794,13.951
5.461865,13.1413,0.7765,-6.1617,14.535
5.466501,13.6195,0.7882,-6.5975,15.154
5.472049,14.1560,0.9259,-7.0390,15.837
5.476841,14.5765,1.0176,-7.5027,16.426
5.481799,14.9938,1.0588,-7.9050,16.983
5.486925,15.3869,1.0856,-8.2911,17.512
5.491670,15.6704,1.0077,-8.5963,17.902
5.496798,15.8180,0.8972,-8.7564,18.102
5.502534,15.8920,0.6275,-8.7953,18.174
5.506577,15.7830,0.4019,-8.6673,18.011
5.512034,15.5454,0.0880,-8.3930,17.667
5.516931,15.3628,-0.3051,-7.9881,17.318
5.521751,15.0973,-0.8428,-7.2963,16.789
5.526670,14.8217,-1.4874,-6.4249,16.223
5.532062,14.5754,-2.1008,-5.4186,15.691
5.537272,14.3783,-2.7050,-4.2845,15.245
5.541984,14.2526,-3.1995,-3.1850,14.950
5.546938,14.0578,-3.3643,-1.8929,14.578
5.552318,13.7164,-3.0854,-0.4757,14.067
5.557215,13.1443,-2.2667,0.5801,13.351
5.562299,11.9670,-1.1552,1.1904,12.081
5.566713,9.9867,0.1899,1.7013,10.132
5.571899,7.2864,1.7858,2.3610,7.865
5.576982,4.1459,3.5640,3.2837,6.378
5.582176,1.0462,5.5710,4.9221,7.507
5.586771,-1.9916,7.6176,7.7830,11.071
5.592828,-5.4230,8.9975,11.6305,15.673
5.596790,-8.8364,9.3127,15.9270,20.457
5.602054,-11.6645,8.7335,20.3057,24.993
5.610468,-13.3047,7.6783,24.3410,28.783
5.612081,-13.8746,6.1224,27.9173,31.770
5.617563,-13.8961,4.2893,31.3705,34.578
5.622756,-13.7894,2.4082,34.6963,37.414
5.627068,-13.6936,0.7695,37.4324,39.866
5.632108,-13.7420,-0.6326,38.9684,41.325
5.637388,-13.8528,-1.8496,38.7809,41.222
5.642078,-13.8814,-2.8177,36.6389,39.282
5.647837,-13.5199,-3.5836,32.4462,35.333
5.652275,-12.7828,-4.1067,27.1475,30.286
5.657840,-11.8379,-4.3784,21.7172,25.119
5.662500,-10.8909,-4.4786,16.6643,20.405
5.667186,-10.0720,-4.4583,12.1740,16.417
5.672188,-9.2913,-4.3416,8.3264,13.210
5.679041,-8.4487,-4.2686,4.9586,10.686
5.683114,-7.5796,-4.2864,2.0994,8.957
5.687954,-6.5711,-4.3751,-0.2617,7.899
5.692467,-5.5977,-4.6117,-2.4076,7.642
5.697342,-4.7614,-4.9808,-4.2953,8.120
5.702499,-4.1074,-5.4611,-5.9940,9.090
5.709796,-3.7454,-6.0169,-7.4616,10.291
5.719595,-3.6742,-6.6579,-8.5395,11.435
5.719910,-3.7731,-7.2900,-9.2917,12.398
5.722414,-3.8375,-7.9029,-9.7385,13.116
5.726934,-3.8196,-8.4181,-9.8497,13.508
5.732445,-3.7547,-8.9774,-9.7833,13.799
5.737123,-3.7464,-9.6583,-9.6320,14.145
5.743071,-3.6700,-10.4115,-9.4041,14.502
5.746612,-3.4242,-11.1566,-9.2248,14.876
5.752748,-2.9788,-11.9226,-9.2693,15.393
5.757996,-2.5323,-12.6833,-9.4756,16.033
5.762361,-2.0121,-13.3959,-9.7355,16.682
5.766791,-1.4268,-14.0844,-10.0628,17.369
5.772158,-0.8125,-14.6696,-10.4947,18.055
5.777709,-0.2463,-15.2065,-10.9726,18.754
5.782136,0.2481,-15.6400,-11.5071,19.419
5.788056,0.6274,-15.9030,-12.1661,20.033
5.792024,0.8676,-16.0217,-12.9271,20.605
5.797067,0.9896,-15.9576,-13.7415,21.082
5.802515,1.0185,-15.8226,-14.5806,21.540
5.809436,0.8685,-15.5543,-15.3872,21.896
5.812359,0.4679,-15.2506,-16.1812,22.240
5.819266,-0.0660,-15.0138,-16.9179,22.619
5.822130,-0.6541,-14.7979,-17.4401,22.882
5.827070,-1.3801,-14.5456,-17.5571,22.841
5.832608,-1.9811,-14.1612,-17.4104,22.530
5.837889,-2.5338,-13.8719,-17.0102,22.095
5.842870,-3.1290,-13.7421,-16.2973,21.546
5.847667,-3.6282,-13.6397,-15.3129,20.825
5.853063,-4.0147,-13.4329,-14.0744,19.866
5.858991,-4.3381,-13.1577,-12.6460,18.758
5.863025,-4.8197,-12.7711,-10.9911,17.525
5.867292,-5.4578,-12.2021,-9.1098,16.176
5.872458,-6.2494,-11.4608,-7.2952,14.954
5.878499,-7.0489,-10.6402,-5.7069,13.981
5.882302,-7.6899,-9.6672,-4.4088,13.116
5.887902,-8.2945,-8.7287,-3.1271,12.441
5.892636,-9.0169,-7.8445,-1.4339,12.037
5.896853,-9.8409,-6.8850,0.9949,12.051
5.902229,-10.5448,-5.7378,4.3652,12.774
5.909816,-11.2162,-4.4753,8.1393,14.563
5.912193,-11.8648,-3.2852,12.0783,17.247
5.917700,-12.3194,-2.1444,15.7393,20.102
5.923368,-12.4451,-1.1465,19.1311,22.852
5.927243,-12.0612,-0.5041,22.2288,25.295
5.932008,-11.3172,-0.3623,25.1264,27.560
5.938124,-10.1498,-0.3115,27.6408,29.447
5.942607,-8.6938,-0.1432,29.4955,30.750
5.946958,-7.2347,0.1244,30.5502,31.395
5.952713,-5.7978,0.4612,30.8197,31.364
5.957153,-4.2720,1.0246,30.2368,30.554
5.963146,-2.7059,1.7936,28.7992,28.982
5.967289,-1.2960,2.5993,26.6119,26.770
5.973403,0.0003,3.3836,23.9806,24.218
5.977798,1.2592,4.1669,21.2036,21.646
5.982616,2.5609,4.8304,18.2720,19.072
5.987970,3.8101,5.2769,15.3452,16.668
5.992396,5.0459,5.5030,12.4412,14.510
5.997551,6.2875,5.6082,9.5895,12.765
6.003667,7.4869,5.5706,6.9144,11.614
6.008827,8.6334,5.5020,4.4800,11.175
6.012514,9.7078,5.3634,2.2992,11.327
6.019397,10.6256,5.1518,0.3677,11.814
6.022645,11.4091,4.8398,-1.2185,12.453
6.027224,12.0955,4.4999,-2.5330,13.152
6.032852,12.6571,4.0823,-3.5555,13.766
6.037260,13.1622,3.6324,-4.3852,14.341
6.043198,13.7054,3.1693,-5.1067,14.965
6.048058,14.2717,2.6711,-5.6844,15.593
6.052731,14.8626,2.1759,-6.1236,16.221
6.058504,15.5039,1.6261,-6.5058,16.892
6.062670,16.1091,1.0717,-6.8408,17.534
6.067246,16.7189,0.5938,-7.1498,18.193
6.074079,17.3265,0.2116,-7.4496,18.861
6.077782,17.8128,-0.1924,-7.7422,19.424
6.083079,18.1996,-0.5008,-8.0968,19.926
6.087468,18.4941,-0.7588,-8.4922,20.365
6.092370,18.6892,-0.9469,-8.9550,20.745
6.098635,18.7319,-1.1766,-9.4021,20.992
6.102607,18.5721,-1.4662,-9.9014,21.098
6.107657,18.2485,-1.8389,-10.2854,21.028
6.112996,17.8652,-2.2200,-10.5732,20.878
6.117449,17.4097,-2.6117,-10.6924,20.597
6.126234,16.9273,-3.0383,-10.5417,20.172
6.127049,16.4131,-3.4643,-10.0744,19.567
6.132497,15.8050,-3.9078,-9.2127,18.707
6.137982,15.2028,-4.3107,-8.0103,17.716
6.142580,14.7820,-4.6238,-6.7296,16.887
6.147805,14.3717,-4.7881,-5.4202,16.089
6.152417,14.0804,-4.7438,-4.1180,15.418
6.157554,13.9676,-4.2988,-2.8476,14.889
6.163581,13.6719,-3.4086,-1.8355,14.209
6.167288,12.6230,-2.4316,-1.1166,12.903
6.172468,10.6801,-1.4001,-0.5010,10.783
6.177557,7.9082,-0.0585,0.6087,7.932
6.182651,4.5500,1.9014,2.5838,5.567
6.187143,1.0248,4.4545,5.6996,7.306
6.193527,-2.7562,6.7458,9.5319,11.998
6.197371,-6.8598,7.8380,13.5339,17.078
6.202729,-10.6536,7.6121,17.2958,21.693
6.207851,-13.3450,6.8310,20.7873,25.629
6.212982,-14.7316,6.0148,23.9044,28.716
6.217820,-15.3372,5.0827,26.7673,31.266
6.228435,-15.4700,3.8911,29.5534,33.584
6.229125,-15.3808,2.8045,32.1431,35.744
6.232476,-15.2849,1.8702,34.3561,37.649
6.237915,-15.3261,0.9785,35.7274,38.888
6.242975,-15.3387,0.1273,36.0506,39.178
6.247233,-14.9027,-0.5216,35.0688,38.108
6.252546,-14.0523,-1.0481,32.6364,35.549
6.257499,-12.9299,-1.4929,28.9065,31.702
6.263215,-11.7031,-1.7917,24.3971,27.118
6.267889,-10.5373,-1.9590,19.6322,22.367
6.272725,-9.5618,-1.9026,15.0609,17.941
6.277380,-8.8460,-1.8161,10.9768,14.214
6.282821,-8.2850,-1.7293,7.3453,11.207
6.287581,-7.9069,-1.5790,4.2465,9.113
6.292314,-7.7544,-1.3389,1.7349,8.058
6.297619,-7.8137,-1.0956,-0.2311,7.894
6.302352,-7.9793,-1.0166,-1.8829,8.261
6.307603,-8.1782,-1.1564,-3.3089,8.898
6.312474,-8.4598,-1.3903,-4.4561,9.662
6.317756,-8.6769,-1.7086,-5.4075,10.366
6.322697,-8.7937,-2.3526,-6.2720,11.054
6.327657,-8.7117,-3.4292,-7.0506,11.720
6.333191,-8.1241,-4.8576,-7.7234,12.217
6.337309,-7.1161,-6.2626,-8.1965,12.532
6.342781,-6.1413,-7.6029,-8.4584,12.925
6.349194,-5.3227,-8.7549,-8.4988,13.312
6.352403,-4.6946,-9.7102,-8.4314,13.690
6.358595,-4.2514,-10.5894,-8.4447,14.196
6.363379,-4.0104,-11.4021,-8.6581,14.868
6.368170,-3.8670,-12.0459,-8.9259,15.483
6.372600,-3.6997,-12.4229,-9.2841,15.944
6.377433,-3.5377,-12.5716,-9.7781,16.315
6.382959,-3.4691,-12.4944,-10.4055,16.626
6.388235,-3.4698,-12.2486,-11.1687,16.935
6.392707,-3.4602,-11.9988,-11.9126,17.258
6.397593,-3.3704,-11.6965,-12.6472,17.553
6.403029,-3.1905,-11.3885,-13.2872,17.788
6.407266,-2.9448,-11.1169,-13.8341,17.990
6.415208,-2.6834,-10.9091,-14.1768,18.088
6.417614,-2.4372,-10.7141,-14.3214,18.051
6.427231,-2.1342,-10.5214,-14.2163,17.815
6.428306,-1.8196,-10.4690,-13.9705,17.552
6.432803,-1.3881,-10.5490,-13.4653,17.162
6.437395,-0.7031,-10.6961,-12.6178,16.556
6.443507,0.0572,-10.7769,-11.4182,15.701
6.447541,0.9074,-10.4195,-9.9055,14.405
6.452289,1.7993,-9.6865,-8.1296,12.773
6.457389,2.5214,-8.6601,-5.9530,10.807
6.463087,2.9971,-7.3657,-3.6688,8.758
6.467647,3.3394,-5.7112,-1.5061,6.785
6.472383,3.4686,-3.7494,0.2720,5.115
6.478229,3.2155,-1.7991,1.4527,3.961
6.482494,2.3790,-0.3483,1.8669,3.044
6.487897,0.6952,0.4803,1.8098,1.997
6.492596,-1.3992,0.8750,1.6718,2.349
6.497492,-3.4217,1.1269,1.6685,3.970
6.503320,-5.0289,1.4185,2.0536,5.614
6.507790,-5.9787,1.8759,2.9672,6.933
6.514750,-6.2996,2.3653,4.3809,8.029
6.520851,-6.0694,2.6318,6.2736,9.117
6.524507,-5.4096,2.6278,8.2812,10.235
6.527395,-4.5832,2.1936,9.9814,11.200
6.532614,-3.3753,1.5738,11.1435,11.749
6.537762,-1.8422,1.0581,11.8748,12.063
6.542711,-0.2702,0.7299,12.1057,12.131
6.547876,0.9724,0.4960,11.6875,11.738
6.552447,1.7573,0.2280,10.7980,10.942
6.557535,2.2125,-0.0913,9.6015,9.853
6.562545,2.3826,-0.4069,8.3516,8.694
6.567859,2.1729,-0.6224,7.1934,7.540
6.572564,1.7009,-0.7491,6.1851,6.458
6.577522,0.9703,-0.7030,5.3804,5.512
6.582985,0.0244,-0.4743,4.6726,4.697
6.587820,-0.9217,-0.1252,3.9984,4.105
6.593293,-1.6882,0.2610,3.2490,3.671
6.597710,-2.1379,0.4890,2.3056,3.182
6.603396,-2.1924,0.5608,1.1187,2.524
6.608216,-1.9298,0.4831,-0.1244,1.993
6.614918,-1.4485,0.2887,-1.2696,1.948
6.617630,-0.7241,0.0961,-2.3012,2.414
6.623768,0.0527,-0.1130,-3.1769,3.179
6.628433,0.8140,-0.3956,-3.8490,3.954
6.632494,1.4629,-0.6538,-4.3197,4.607
6.637585,2.0607,-0.8307,-4.5837,5.094
6.643785,2.5108,-1.0755,-4.6568,5.399
6.647755,2.7927,-1.4156,-4.5358,5.511
6.652638,2.9284,-1.7564,-4.3104,5.499
6.658717,3.0259,-2.1372,-4.0637,5.499
6.663083,3.1738,-2.4969,-3.8352,5.569
6.667485,3.3603,-2.7982,-3.6793,5.715
6.672859,3.5092,-3.0250,-3.5976,5.866
6.679068,3.5509,-3.0894,-3.6113,5.933
6.683045,3.4179,-3.1017,-3.7658,5.957
6.687760,3.2671,-2.9783,-3.9894,5.955
6.693336,3.1531,-2.8077,-4.3251,6.044
6.697520,3.0593,-2.6975,-4.6941,6.219
6.703248,3.0075,-2.6059,-5.2548,6.592
6.708272,2.9266,-2.5796,-5.8788,7.055
6.714026,2.8504,-2.5171,-6.4090,7.452
6.717831,2.8416,-2.3885,-6.8655,7.805
6.722885,2.9604,-2.1499,-7.2181,8.092
6.727639,3.1572,-1.8387,-7.3074,8.170
6.733621,3.3663,-1.6050,-7.0934,8.014
6.737630,3.5619,-1.4751,-6.5717,7.619
6.742781,3.8260,-1.3586,-5.5986,6.916
6.747817,4.0628,-1.1039,-4.2021,5.948
6.752980,4.2097,-0.6943,-2.5843,4.988
6.758491,4.4235,-0.1439,-0.8947,4.515
6.763029,4.8555,0.5809,0.7772,4.952
6.767389,5.6044,1.4946,2.1985,6.203
6.772717,6.3594,2.4005,3.0374,7.445
6.778233,6.6740,2.7411,2.9776,7.805
6.782891,6.3915,2.3706,2.3880,7.223
6.787601,5.6618,1.7534,1.9090,6.227
6.793582,5.0454,1.6193,1.9880,5.660
6.797658,4.6112,2.2629,2.5084,5.716
6.804144,4.0105,3.1674,3.1990,6.029
6.808779,3.2360,3.8662,4.1503,6.530
6.812584,2.6020,4.3441,5.4776,7.460
6.818266,2.0820,4.4677,6.9402,8.512
6.826118,1.6155,4.1159,8.2168,9.331
6.835408,1.4520,3.4506,9.1893,9.923
6.836099,1.6746,2.6980,9.9023,10.399
6.838133,2.1204,2.1991,10.3952,10.835
6.842645,2.5287,1.8306,10.6695,11.117
6.848284,2.6963,1.4983,10.6828,11.119
6.852701,2.6222,1.1731,10.5195,10.905
6.858707,2.4383,0.9603,10.1771,10.509
6.862850,2.2067,0.8411,9.6770,9.961
6.868914,1.9901,0.7796,9.0934,9.341
6.872587,1.7291,0.7521,8.3425,8.553
6.878292,1.4172,0.7493,7.5055,7.675
6.883969,0.9208,0.6951,6.6516,6.751
6.888645,0.3788,0.7068,5.8740,5.928
6.892679,-0.1229,0.6268,5.1317,5.171
6.898234,-0.5777,0.4838,4.4151,4.479
6.903379,-0.9769,0.2043,3.7885,3.918
6.907802,-1.2809,-0.0825,3.1990,3.447
6.912829,-1.4739,-0.3909,2.7135,3.113
6.917685,-1.5112,-0.7069,2.2508,2.802
6.925507,-1.5252,-0.9826,1.8083,2.562
6.932879,-1.5139,-1.3069,1.3552,2.416
6.933509,-1.5187,-1.6581,0.8818,2.415
6.938057,-1.4735,-2.0411,0.3521,2.542
6.944927,-1.3422,-2.3721,-0.1523,2.730
6.947569,-1.2084,-2.6441,-0.6340,2.976
6.952995,-1.1553,-2.9507,-1.1167,3.360
6.958655,-1.1656,-3.3086,-1.5645,3.841
6.963091,-1.2347,-3.6628,-2.0204,4.361
6.968628,-1.3716,-4.0039,-2.4486,4.890
6.972938,-1.6069,-4.3082,-2.7962,5.382
6.978086,-1.9014,-4.6362,-3.0727,5.878
6.983805,-2.1947,-4.9934,-3.2777,6.363
6.988039,-2.4553,-5.3326,-3.4659,6.818
6.993278,-2.7263,-5.5447,-3.6753,7.189
6.997694,-3.0145,-5.6659,-3.8816,7.500
7.003313,-3.4100,-5.8307,-4.1564,7.931
7.007930,-3.8645,-6.0674,-4.4328,8.450
7.013011,-4.2874,-6.3876,-4.7660,9.050
7.022102,-4.6887,-6.6711,-5.1081,9.622
7.022891,-5.0468,-6.8890,-5.3997,10.104
7.031612,-5.2627,-7.0796,-5.6836,10.494
7.034966,-5.3592,-7.3405,-5.8596,10.814
7.037983,-5.3044,-7.6329,-5.9925,11.059
7.043503,-5.1793,-7.9561,-6.0490,11.257
7.049053,-5.0628,-8.3192,-6.0317,11.455
7.052962,-5.0169,-8.7409,-5.9409,11.699
7.058157,-5.0775,-9.1126,-5.7698,11.921
7.063643,-5.2279,-9.2618,-5.4231,11.938
7.068664,-5.3592,-9.1195,-4.9200,11.666
7.072832,-5.5667,-8.6813,-4.2800,11.166
7.078252,-6.0342,-7.9071,-3.6610,10.599
7.082930,-6.8304,-6.9073,-3.1541,10.213
7.088178,-7.7057,-5.8255,-2.7405,10.041
7.093163,-8.5615,-4.6758,-2.4397,10.056
7.097824,-9.3491,-3.6252,-2.2353,10.273
7.102878,-9.8559,-2.6867,-2.2478,10.460
7.108033,-10.1193,-1.8657,-2.4135,10.569
7.112798,-10.1442,-1.2476,-2.8316,10.606
7.124904,-9.9374,-0.8737,-3.4302,10.549
7.125635,-9.3813,-0.4739,-3.9412,10.187
7.127989,-8.5513,0.0890,-3.9268,9.410
7.132810,-7.6671,0.6630,-3.1923,8.332
7.139064,-6.9968,1.0489,-1.6876,7.273
7.143244,-6.4926,1.2974,0.3705,6.631
7.147834,-5.9968,1.7074,2.6798,6.787
7.153119,-5.4952,2.1965,4.9986,7.746
7.157773,-5.1167,2.6271,7.4419,9.406
7.163673,-4.8899,2.9540,9.9625,11.484
7.168134,-4.6435,3.1369,12.3309,13.545
7.172812,-4.4098,3.1552,14.4273,15.413
7.177977,-4.2139,3.0083,16.0763,16.889
7.183870,-3.9807,2.8591,17.1475,17.834
7.188236,-3.6153,2.6879,17.7013,18.266
7.192721,-3.1376,2.6047,17.7424,18.205
7.198223,-2.5244,2.6866,17.4072,17.793
7.203477,-1.8744,2.8364,16.7454,17.087
7.208726,-1.1791,3.0771,15.7921,16.132
7.213063,-0.5142,3.4293,14.5893,14.996
7.221353,0.1545,3.8080,13.2819,13.818
7.223184,0.8065,4.1214,11.8424,12.565
7.228204,1.4693,4.2848,10.3751,11.321
7.232906,2.2025,4.3996,8.8604,10.135
7.238553,3.0091,4.4448,7.4011,9.143
7.244239,3.8614,4.3495,5.9492,8.320
7.247817,4.7158,4.1404,4.5029,7.724
7.252801,5.6442,3.8799,3.0079,7.481
7.259046,6.5659,3.5851,1.5609,7.642
7.263084,7.4286,3.2896,0.2845,8.129
7.268465,8.1022,2.8928,-0.8259,8.643
7.273648,8.6047,2.5219,-1.8061,9.147
7.278287,8.9217,2.1939,-2.6876,9.573
7.283874,9.0399,1.8304,-3.4308,9.841
7.288488,9.0360,1.4703,-4.0679,10.018
7.292880,9.0967,1.1571,-4.5714,10.246
7.298017,9.1688,0.7856,-4.9735,10.460
7.303394,9.3192,0.3872,-5.2967,10.726
7.308764,9.5674,0.0221,-5.6016,11.087
7.313337,9.9286,-0.3288,-5.9127,11.560
7.323630,10.3517,-0.6486,-6.2299,12.099
7.324303,10.8203,-0.9874,-6.6249,12.726
7.328036,11.3041,-1.3094,-7.0276,13.375
7.333338,11.7494,-1.6886,-7.3729,13.974
7.338625,12.1483,-2.0917,-7.7151,14.542
7.343225,12.4691,-2.5473,-8.0512,15.060
7.348218,12.7972,-3.1079,-8.3472,15.592
7.353325,13.1707,-3.6803,-8.6430,16.178
7.358128,13.4417,-4.2143,-8.8711,16.647
7.363502,13.5229,-4.7248,-9.0164,16.926
7.368127,13.3555,-5.1598,-9.0496,16.938
7.373654,12.8324,-5.4702,-8.8624,16.527
7.378965,11.9600,-5.6007,-8.3823,15.642
7.383350,10.9450,-5.6079,-7.7143,14.517
7.388177,10.0145,-5.4813,-7.0230,13.404
7.393512,9.3713,-4.8916,-6.3059,12.309
7.397941,9.1078,-4.0043,-5.6780,11.455
7.403585,9.0796,-2.9028,-5.1923,10.855
7.408686,8.9982,-1.7482,-4.8954,10.392
7.412871,8.6548,-0.6334,-4.7913,9.913
7.422954,7.7605,0.4172,-4.8732,9.173
7.423678,6.0768,1.0697,-5.1659,8.047
7.428279,4.0690,1.5072,-5.1946,6.768
7.433214,2.4444,2.3621,-4.2900,5.473
7.438610,1.1529,3.8057,-2.1629,4.527
7.443166,-0.2508,4.9010,1.0088,5.010
7.448845,-1.8551,5.0107,4.5025,6.987
7.453388,-3.3270,4.6255,7.9828,9.808
7.459735,-4.4253,4.3122,11.3605,12.932
7.463856,-5.1527,4.2075,14.5261,15.977
7.468741,-5.5890,3.9749,17.4323,18.733
7.473137,-5.7843,3.4764,20.0577,21.163
7.478839,-5.7666,2.9707,22.5679,23.482
7.485367,-5.8280,2.5502,24.6697,25.477
7.488322,-6.1153,2.1442,26.2384,27.027
7.493446,-6.5691,1.6346,27.1036,27.936
7.499033,-7.0813,1.1030,27.0544,27.988
7.503189,-7.3776,0.6686,25.9537,26.990
7.510256,-7.3338,0.4645,23.8931,24.998
7.513262,-7.0918,0.2855,21.2170,22.373
7.520135,-6.7796,0.0222,18.4438,19.650
7.523307,-6.3806,-0.2730,15.6616,16.914
7.528735,-5.9468,-0.5771,13.0665,14.368
7.534140,-5.4559,-0.9064,10.5704,11.930
7.539352,-5.0766,-1.3035,8.2289,9.756
7.543533,-4.7885,-1.6989,6.0184,7.876
7.548072,-4.4379,-2.0158,3.9175,6.253
7.553093,-4.0396,-2.3040,1.9862,5.057
7.558250,-3.7023,-2.6539,0.1259,4.557
7.563645,-3.4566,-3.1048,-1.6355,4.926
7.568231,-3.3236,-3.6527,-3.2416,5.907
7.573500,-3.3255,-4.3251,-4.5739,7.119
7.578332,-3.5384,-4.9631,-5.6695,8.324
7.583766,-4.0004,-5.5235,-6.5198,9.435
7.588305,-4.4379,-6.0807,-7.1588,10.388
7.593598,-4.6941,-6.7546,-7.5868,11.190
7.598510,-4.8468,-7.4451,-7.7750,11.806
7.603624,-4.9092,-8.1317,-7.7545,12.262
7.610283,-4.9454,-8.7821,-7.6398,12.647
7.615663,-5.0141,-9.4070,-7.5573,13.067
7.624028,-5.0063,-9.9326,-7.7028,13.530
7.624601,-4.9062,-10.3613,-8.0742,14.022
7.628362,-4.7669,-10.6852,-8.6623,14.558
7.633475,-4.6583,-10.8364,-9.3887,15.076
7.638288,-4.6088,-10.8239,-10.1463,15.535
7.643361,-4.5800,-10.6977,-10.9188,15.957
7.649325,-4.3512,-10.5310,-11.7978,16.402
7.653896,-4.0722,-10.3585,-12.7361,16.914
7.658519,-3.8374,-10.1426,-13.7346,17.500
7.663986,-3.6443,-9.9964,-14.7537,18.190
7.668289,-3.4953,-9.9493,-15.6843,18.900
7.673953,-3.6783,-9.8666,-16.1631,19.291
7.679316,-4.0344,-9.7302,-16.0152,19.169
7.683743,-4.4026,-9.4600,-15.4866,18.674
7.688440,-4.8493,-9.1488,-14.6478,17.938
7.693788,-5.4467,-8.8459,-13.5673,17.088
7.699809,-6.1664,-8.4472,-12.4405,16.253
7.703544,-6.6890,-7.9272,-11.2958,15.336
7.708467,-7.1789,-7.2075,-10.0927,14.330
7.713893,-7.7148,-6.3197,-8.9847,13.423
7.718253,-8.2964,-5.3544,-8.0206,12.721
7.727017,-8.9734,-4.4734,-7.2686,12.384
7.728637,-9.6346,-3.7651,-6.8194,12.390
7.733210,-10.2011,-3.3357,-6.5441,12.570
7.739122,-10.5975,-3.1168,-5.9041,12.525
7.744577,-10.8554,-3.2255,-4.4414,12.164
7.749171,-11.0880,-3.4055,-2.0196,11.774
7.753598,-11.2589,-3.4989,1.4729,11.882
7.758507,-11.4118,-3.2651,5.8673,13.241
7.763728,-11.3496,-2.7736,10.5765,15.760
7.768723,-10.9590,-2.2564,14.9517,18.675
7.774720,-10.3353,-1.6878,18.3933,21.166
7.778256,-9.5179,-0.9990,20.6211,22.734
7.784448,-8.4855,-0.2308,21.6025,23.210
7.788067,-7.2713,0.5181,21.5242,22.725
7.793371,-6.0808,1.1554,20.6673,21.574
7.798623,-4.9257,1.6924,19.2621,19.954
7.804522,-3.9758,2.2256,17.7423,18.318
7.808507,-3.1180,2.7807,16.4873,17.008
7.814178,-2.3978,3.1647,15.4412,15.944
7.818263,-1.6358,3.4090,14.5176,15.002
7.823527,-0.8487,3.5565,13.6734,14.154
7.830045,-0.0244,3.6448,12.9999,13.501
7.833337,0.7676,3.6366,12.4357,12.979
7.841134,1.5703,3.5836,11.7924,12.424
7.844196,2.3767,3.5495,10.9677,11.770
7.848989,3.2562,3.5391,9.9452,11.047
7.853470,4.1655,3.4665,8.8063,10.340
7.860014,5.0663,3.3518,7.4693,9.628
7.864135,6.0306,3.1914,6.1227,9.167
7.868392,6.9699,3.0464,4.7444,8.965
7.873573,7.9134,2.8868,3.4606,9.107
7.879664,8.7543,2.7277,2.2928,9.452
7.884430,9.5174,2.5886,1.1762,9.933
7.889801,10.1369,2.4247,0.1155,10.423
7.893399,10.6467,2.1840,-0.8392,10.901
7.899638,11.0155,1.9458,-1.6910,11.313
7.904545,11.2157,1.6867,-2.3763,11.588
7.908473,11.2552,1.4210,-2.8340,11.693
7.913280,11.2851,1.1436,-3.0457,11.745
7.921252,11.3081,0.8323,-3.1939,11.780
7.926524,11.4708,0.4940,-3.3316,11.955
7.932382,11.7406,0.1331,-3.5521,12.267
7.936579,12.0761,-0.2792,-3.7884,12.659
7.940053,12.5278,-0.7311,-4.1832,13.228
7.943404,13.0822,-1.3106,-4.7934,13.994
7.948570,13.7937,-1.9934,-5.3764,14.938
7.953293,14.5684,-2.6716,-5.8525,15.926
7.960113,15.2412,-3.2046,-6.2229,16.772
7.964375,15.7263,-3.7701,-6.5703,17.456
7.968386,15.9715,-4.3494,-6.9678,17.960
7.973247,15.9219,-4.8714,-7.2854,18.175
7.981020,15.5408,-5.1677,-7.4051,17.974
7.983572,15.0876,-5.3974,-7.4507,17.671
7.988493,14.5917,-5.6519,-7.5754,17.385
7.994875,13.9787,-5.9068,-7.7460,17.038
8.000461,13.4009,-6.1182,-7.9802,16.754
8.003386,12.8647,-6.2178,-8.0830,16.416
8.008906,12.3073,-6.1431,-8.0097,15.917
8.013851,11.8237,-5.7645,-7.8566,15.322
8.020871,11.6669,-5.1225,-7.6891,14.882
8.028136,11.7483,-4.2641,-7.5698,14.612
8.028776,11.8731,-3.1936,-7.4969,14.400
8.033760,11.7360,-1.9310,-7.4875,14.054
8.040552,11.1725,-0.6400,-7.4151,13.425
8.043862,9.8973,0.4023,-7.1561,12.220
8.048583,7.7943,1.3726,-6.3189,10.127
8.054412,5.1706,2.5677,-4.4542,7.292
8.059947,2.5480,4.2311,-1.4340,5.143
8.063875,0.1109,6.0159,2.4444,6.494
8.069148,-2.2447,7.3860,6.7789,10.274
8.073895,-4.2665,8.0395,11.0106,14.285
8.080573,-5.7064,8.1859,14.8039,17.853
8.084327,-6.6612,8.0819,17.9224,20.758
8.089190,-7.2567,7.7441,20.2766,22.886
8.094288,-7.6740,7.2667,21.9588,24.370
8.100518,-7.9691,6.6649,23.1694,25.392
8.103577,-8.3711,6.0118,24.2633,26.361
8.108939,-8.8944,5.2944,25.3820,27.411
8.116402,-9.4054,4.5858,26.3891,28.388
8.119969,-9.7913,3.9432,27.1310,29.112
8.123627,-9.9336,3.3978,27.2557,29.208
8.129085,-9.7426,2.9055,26.5806,28.459
8.134845,-9.1571,2.4680,24.9176,26.661
8.139869,-8.3526,2.0217,22.5317,24.115
8.144721,-7.4530,1.5799,19.8888,21.298
8.148833,-6.5170,1.0746,17.1958,18.421
8.153928,-5.5521,0.4187,14.5224,15.553
8.161578,-4.7513,-0.2349,11.9520,12.864
8.163985,-4.0861,-0.8914,9.4861,10.367
8.168428,-3.6155,-1.4749,7.2479,8.233
8.173907,-3.3043,-1.8980,5.2312,6.472
8.179854,-3.1587,-2.2190,3.4131,5.153
8.184411,-3.2140,-2.5355,1.8283,4.483
8.189313,-3.4189,-2.9757,0.3059,4.543
8.193716,-3.5475,-3.5532,-1.1022,5.140
8.200613,-3.6057,-4.1230,-2.5384,6.037
8.203956,-3.5517,-4.6624,-3.9321,7.058
8.208447,-3.4102,-5.2564,-5.2676,8.186
8.217211,-3.2577,-5.8781,-6.3444,9.242
8.220257,-3.1536,-6.6089,-7.1679,10.247
8.230155,-3.0597,-7.3558,-7.7547,11.118
8.230692,-3.0692,-8.1127,-8.0209,11.814
8.233768,-3.1657,-8.8355,-8.1139,12.407
8.240220,-3.3159,-9.6067,-8.1694,13.039
8.243607,-3.4412,-10.4321,-8.3684,13.809
8.249118,-3.4703,-11.2303,-8.8304,14.702
8.253924,-3.5357,-12.0626,-9.4600,15.732
8.260060,-3.5816,-12.9405,-10.0836,16.792
8.263911,-3.5064,-13.6816,-10.6158,17.668
8.268837,-3.2419,-14.2139,-11.1247,18.339
8.273838,-2.8464,-14.6208,-11.7618,18.979
8.281154,-2.3805,-14.8939,-12.5404,19.615
8.284080,-1.8447,-15.0034,-13.4240,20.217
8.289576,-1.3783,-14.9478,-14.3069,20.737
8.294820,-1.1045,-14.7928,-15.1983,21.238
8.300179,-0.9737,-14.5707,-16.1173,21.749
8.304364,-0.9553,-14.2347,-17.0345,22.220
8.308932,-1.1061,-13.7457,-17.7860,22.506
8.316125,-1.3388,-13.1275,-18.1782,22.463
8.320941,-1.7429,-12.3470,-18.1915,22.055
8.332754,-2.2594,-11.5367,-17.8749,21.394
8.333607,-2.7599,-10.7075,-17.2025,20.450
8.334190,-3.1898,-9.8279,-16.1313,19.157
8.340474,-3.6161,-8.9788,-14.7589,17.650
8.344029,-4.0555,-8.0829,-13.2767,16.064
8.348936,-4.5390,-7.1841,-11.7713,14.518
8.353814,-5.0752,-6.4839,-10.1724,13.087
8.361102,-5.7045,-6.0015,-8.5895,11.931
8.363683,-6.2298,-5.7052,-6.9075,10.912
8.369753,-6.6061,-5.4006,-5.0875,9.934
8.373859,-7.0862,-5.1493,-3.0591,9.278
8.381105,-7.7899,-4.8793,-0.5700,9.210
8.383927,-8.6737,-4.4465,2.5607,10.078
8.389011,-9.7776,-3.7968,6.2888,12.230
8.394940,-11.0548,-3.0375,10.3071,15.417
8.401412,-12.3457,-2.0608,14.3097,19.011
8.405235,-13.5878,-0.8343,17.8480,22.447
8.409127,-14.6867,0.4516,20.5097,25.230
8.413963,-15.4280,1.5853,22.0529,26.960
8.420291,-15.7012,2.4289,22.6516,27.668
8.424369,-15.4612,2.9934,22.5448,27.501
8.431082,-14.7683,3.2636,22.0733,26.758
8.435181,-13.6275,3.2472,21.1615,25.378
8.439988,-12.1343,3.1897,20.0693,23.668
8.443877,-10.5263,3.3518,18.9916,21.971
8.448573,-8.8733,3.5568,18.0209,20.400
8.453670,-7.4197,3.5824,17.0158,18.906
8.461168,-6.0574,3.5863,15.7347,17.238
8.464632,-4.6809,3.6738,14.2968,15.486
8.468660,-3.3766,3.7954,12.5976,13.583
8.474326,-2.0692,3.8120,10.7206,11.565
8.481090,-0.8278,3.7362,8.7119,9.515
8.483854,0.3746,3.6003,6.7503,7.660
8.488786,1.5553,3.4301,4.7942,6.097
8.493678,2.6271,3.2728,2.9756,5.145
8.500450,3.6463,3.0731,1.2950,4.941
8.504537,4.5565,2.8733,-0.2135,5.391
8.508546,5.4216,2.7036,-1.5753,6.260
8.513657,6.1329,2.4979,-2.6793,7.144
8.523367,6.7043,2.2902,-3.6126,7.953
8.524396,7.0947,2.1022,-4.3852,8.601
8.541634,7.3772,1.9528,-5.0192,9.134
8.542161,7.5633,1.7584,-5.6396,9.597
8.542378,7.7097,1.4806,-6.0577,9.916
8.544013,7.9691,1.1547,-6.3643,10.264
8.549106,8.3477,0.9291,-6.6292,10.700
8.554212,8.7473,0.7313,-6.8163,11.114
8.560366,9.1889,0.5631,-6.9254,11.520
8.564253,9.6223,0.3926,-7.0232,11.919
8.569032,10.1432,0.2695,-7.1736,12.427
8.573778,10.6559,0.1123,-7.3743,12.959
8.581118,11.1693,0.0026,-7.6397,13.532
8.585020,11.6302,-0.1597,-8.0013,14.118
8.588805,12.1292,-0.3715,-8.3682,14.740
8.594709,12.6515,-0.4842,-8.6475,15.332
8.600488,13.1064,-0.6174,-8.8368,15.819
8.603948,13.4440,-0.8047,-9.0099,16.204
8.609241,13.6683,-1.1412,-9.1666,16.497
8.613918,13.7114,-1.5115,-9.4048,16.695
8.622440,13.6516,-1.9075,-9.5952,16.795
8.632061,13.4002,-2.1185,-9.5941,16.616
8.632388,12.8470,-2.1385,-9.2215,15.958
8.633672,12.1499,-2.1011,-8.5603,15.010
8.640579,11.5694,-2.0223,-7.6767,14.031
8.643870,11.2292,-1.8535,-6.6679,13.191
8.649161,11.0045,-1.5745,-5.6697,12.479
8.654571,10.7995,-1.1146,-4.5307,11.764
8.661382,10.7663,-0.1927,-3.4036,11.293
8.664125,10.9387,1.0186,-2.4389,11.254
8.669984,10.9737,2.3318,-1.8357,11.368
8.673781,10.4347,3.2798,-1.4107,11.029
8.681457,9.1873,3.7725,-1.0293,9.985
8.684544,7.2952,4.1409,-0.3414,8.395
8.689250,5.1015,4.7107,1.2427,7.054
8.694677,2.8759,5.6836,4.0484,7.547
8.700821,0.7019,6.9452,7.6747,10.374
8.703984,-1.6742,7.7034,11.5872,14.015
8.708937,-3.9694,7.7837,15.5284,17.818
8.714007,-5.7854,7.4822,19.0331,21.254
8.722170,-6.9595,7.2248,21.5963,23.812
8.724466,-7.7985,6.8577,23.2838,25.495
8.732007,-8.4252,6.2907,24.4672,26.631
8.735311,-9.0896,5.5115,25.3823,27.518
8.740448,-9.7531,4.5155,26.2282,28.345
8.745546,-10.2945,3.2947,26.8470,28.941
8.749369,-10.6054,2.0955,27.1375,29.211
8.753919,-10.5326,0.9742,27.0293,29.025
8.760848,-10.0702,0.0973,26.2779,28.142
8.764173,-9.3425,-0.6190,24.8452,26.551
8.768814,-8.4260,-1.1973,22.7137,24.256
8.774923,-7.4782,-1.7421,19.9270,21.355
8.780678,-6.6585,-2.2873,16.7408,18.161
8.786447,-6.0111,-2.8688,13.4629,15.020
8.789653,-5.5066,-3.3051,10.2900,12.130
8.794939,-5.1121,-3.6183,7.3343,9.645
8.800163,-4.8796,-3.9263,4.7315,7.849
8.804400,-4.7926,-4.1708,2.4329,6.803
8.808755,-4.7164,-4.2100,0.4641,6.339
8.814050,-4.6798,-4.1441,-1.2097,6.367
8.821997,-4.7468,-4.1472,-2.6254,6.828
8.824269,-4.9699,-4.2859,-3.8681,7.618
8.836240,-5.1798,-4.5592,-4.9730,8.506
8.836793,-5.2837,-5.0091,-5.9223,9.385
8.840207,-5.2096,-5.4719,-6.7057,10.102
8.844325,-5.1339,-5.9688,-7.3289,10.756
8.849065,-5.0910,-6.5471,-7.8262,11.403
8.853917,-5.1341,-7.1547,-8.1332,11.987
8.861460,-5.1923,-7.8372,-8.2862,12.532
8.864407,-5.1850,-8.4352,-8.3329,12.941
8.869510,-5.1222,-8.9974,-8.2992,13.269
8.874234,-5.0020,-9.5560,-8.2660,13.589
8.880892,-4.8677,-10.0350,-8.3120,13.910
8.884381,-4.6624,-10.4252,-8.4582,14.211
8.888983,-4.3809,-10.8011,-8.6973,14.543
8.894566,-4.0162,-11.1218,-9.0793,14.908
8.900506,-3.6155,-11.4134,-9.5277,15.301
8.904941,-3.2788,-11.6755,-10.0282,15.736
8.909206,-2.9716,-11.8263,-10.5809,16.145
8.914294,-2.6045,-11.8700,-11.1455,16.489
8.923650,-2.2771,-11.7631,-11.7006,16.747
8.924721,-2.0267,-11.5913,-12.2945,17.018
8.929070,-1.9600,-11.4372,-12.8921,17.345
8.937058,-1.9372,-11.3837,-13.4533,17.729
8.941563,-1.9862,-11.3628,-13.8403,18.017
8.944905,-2.0298,-11.4263,-13.9773,18.167
8.949119,-1.9813,-11.4303,-13.9008,18.106
8.954904,-1.9480,-11.2342,-13.4815,17.657
8.961136,-1.9676,-10.8295,-12.7812,16.867
8.964356,-2.1096,-10.3561,-11.9451,15.949
8.970309,-2.2499,-9.8864,-11.0255,14.979
8.974754,-2.3365,-9.3013,-10.1013,13.929
8.980556,-2.5713,-8.4548,-9.2780,12.813
8.985230,-3.0399,-7.4954,-8.6495,11.842
8.988989,-3.6795,-6.6062,-8.2460,11.188
8.994060,-4.4578,-5.9907,-8.1392,11.046
9.000421,-5.2058,-5.6265,-8.0038,11.082
9.004143,-6.0198,-5.4537,-7.4981,11.055
9.009793,-6.7928,-5.3729,-6.2645,10.689
9.015057,-7.2140,-5.0623,-4.1950,9.760
9.020757,-7.3813,-4.4245,-1.4810,8.732
9.024419,-7.4870,-3.6956,1.5653,8.495
9.037038,-7.4747,-3.1544,4.5821,9.318
9.037691,-7.1283,-2.7154,7.2638,10.533
9.040856,-6.3571,-2.1749,9.4835,11.622
9.044456,-5.4171,-1.5025,11.0794,12.424
9.049872,-4.5402,-0.7336,12.1452,12.987
9.054069,-3.8504,-0.1152,12.7564,13.325
9.061016,-3.3417,0.4269,12.9856,13.416
9.064416,-3.0733,1.1270,13.1631,13.564
9.069075,-2.9703,1.8046,13.2800,13.727
9.074755,-3.0722,2.5055,13.5391,14.108
9.081282,-3.3177,3.1182,13.9360,14.661
9.084515,-3.5547,3.5808,14.5481,15.398
9.089567,-3.5281,4.0867,15.0347,15.975
9.094422,-3.3077,4.6052,15.2655,16.284
9.100258,-2.9873,4.9647,15.3038,16.364
9.104400,-2.5598,5.1878,15.0357,16.110
9.109500,-1.9464,5.2860,14.4475,15.507
9.114910,-1.1803,5.3453,13.4868,14.555
9.121323,-0.3236,5.3451,12.2184,13.340
9.124522,0.6026,5.3436,10.7737,12.041
9.137058,1.5627,5.3178,9.2986,10.825
9.137936,2.4999,5.3137,7.8311,9.788
9.140754,3.4514,5.2697,6.3212,8.924
9.144084,4.3781,5.2774,4.8170,8.380
9.149231,5.2697,5.2130,3.2783,8.105
9.154307,6.0355,5.1155,1.7844,8.110
9.160501,6.7019,4.9324,0.4460,8.333
9.164424,7.2277,4.6735,-0.7320,8.638
9.169658,7.6855,4.3198,-1.6897,8.977
9.174188,8.0330,3.9258,-2.3459,9.244
9.180497,8.3510,3.5843,-2.7893,9.506
9.184267,8.6238,3.2755,-3.0683,9.722
9.189094,8.8639,3.0060,-3.3271,9.933
9.194738,9.0738,2.7397,-3.5711,10.129
9.200737,9.3876,2.5392,-3.8849,10.472
9.204334,9.7526,2.3286,-4.2577,10.893
9.209667,10.1641,2.0632,-4.6570,11.369
9.214109,10.6248,1.7849,-5.1173,11.927
9.221275,11.1646,1.5853,-5.5770,12.580
9.224824,11.7021,1.3075,-5.9649,13.200
9.234279,12.2951,0.9593,-6.2523,13.827
9.234992,12.7960,0.5623,-6.3910,14.314
9.240679,13.2039,0.1711,-6.4715,14.705
9.244294,13.4968,-0.1862,-6.5788,15.016
9.249248,13.5603,-0.5889,-6.6975,15.136
9.254728,13.5385,-1.0161,-6.8338,15.199
9.260802,13.4536,-1.4460,-6.9919,15.231
9.264530,13.2125,-1.8067,-6.9824,15.053
9.269422,12.7036,-1.8936,-6.5827,14.433
9.273947,11.9483,-1.7421,-5.8381,13.412
9.280835,11.1088,-1.4879,-4.8778,12.223
9.284630,10.3203,-1.1800,-4.0675,11.156
9.289165,9.8039,-0.6128,-3.4170,10.400
9.294290,9.5413,0.2647,-3.0871,10.032
9.301275,9.3975,1.4800,-2.9539,9.961
9.304866,9.3638,2.9036,-3.0421,10.265
9.309984,9.2202,4.0269,-3.2615,10.577
9.314444,8.6292,4.4534,-3.4316,10.299
9.320841,7.6547,4.2280,-2.8408,9.195
9.324200,6.3967,3.9316,-1.1456,7.595
9.330081,4.9809,4.1291,1.6181,6.669
9.343289,3.3988,4.9493,5.3250,8.025
9.344351,1.5036,6.0699,9.5994,11.457
9.344986,-0.7728,6.9359,14.1854,15.809
9.349019,-3.3865,7.1872,18.5106,20.144
9.354713,-6.0558,6.7678,21.8173,23.632
9.360574,-8.2835,6.2013,23.6811,25.843
9.365572,-9.8042,5.6659,23.8701,26.420
9.369856,-10.6278,5.0287,22.7616,25.619
9.375213,-10.8516,4.3445,20.7659,23.830
9.380895,-10.6558,3.6408,18.3734,21.550
9.384180,-10.1597,2.9526,16.1091,19.273
9.389905,-9.6589,2.0809,14.1378,17.248
9.394264,-9.2163,1.0259,12.4793,15.548
9.401442,-8.6822,0.0739,11.0179,14.028
9.404591,-8.0069,-0.5638,9.6625,12.562
9.409177,-7.3961,-1.0569,8.4348,11.268
9.414564,-6.8825,-1.4913,7.3465,10.177
9.420660,-6.4908,-1.9311,6.4084,9.323
9.424432,-6.1415,-2.4022,5.5786,8.638
9.429502,-5.7940,-2.7980,4.7405,7.992
9.450674,-5.4127,-3.1959,3.8369,7.364
9.451893,-4.9861,-3.6148,2.8533,6.787
9.452493,-4.5915,-4.0760,1.8326,6.407
9.453257,-4.1863,-4.5144,0.8938,6.221
9.454641,-3.8261,-4.9129,-0.0591,6.227
9.460863,-3.4853,-5.2543,-0.9310,6.373
9.464709,-3.2027,-5.6573,-1.8231,6.752
9.469511,-3.0503,-6.1261,-2.6092,7.324
9.474460,-2.8487,-6.6242,-3.3828,7.965
9.482005,-2.5308,-7.0315,-4.1134,8.530
9.485242,-2.1460,-7.3382,-4.8655,9.062
9.489133,-1.8679,-7.6131,-5.6227,9.647
9.494672,-1.6984,-7.8462,-6.2824,10.194
9.500861,-1.6424,-7.9945,-6.6941,10.556
9.504627,-1.6477,-8.1567,-6.8462,10.776
9.509988,-1.7390,-8.3022,-6.8270,10.888
9.514420,-1.8696,-8.4225,-6.7727,10.968
9.523628,-2.0376,-8.5421,-6.7595,11.082
9.525056,-2.1616,-8.6642,-6.7988,11.223
9.529502,-2.1929,-8.8203,-6.8660,11.391
9.534365,-2.2258,-8.8890,-6.8865,11.463
9.541527,-2.3326,-8.8517,-6.9841,11.514
9.544990,-2.5384,-8.7611,-7.1752,11.605
9.549800,-2.7845,-8.6389,-7.3067,11.652
9.554655,-3.0154,-8.4419,-7.3381,11.585
9.560681,-3.2689,-8.3298,-7.3893,11.605
9.564491,-3.5783,-8.3065,-7.4085,11.691
9.569831,-3.8866,-8.3564,-7.3104,11.763
9.575072,-4.1563,-8.3825,-7.0532,11.717
9.581846,-4.3864,-8.2120,-6.5754,11.398
9.584944,-4.7076,-7.7711,-5.8107,10.785
9.590637,-5.0881,-7.1231,-4.8450,10.005
9.595587,-5.5029,-6.3409,-3.7978,9.215
9.601509,-5.8410,-5.3755,-2.7905,8.414
9.604502,-6.0758,-4.3323,-2.0790,7.746
9.609321,-6.3429,-3.3464,-1.7113,7.373
9.615029,-6.8119,-2.3137,-1.6044,7.371
9.621827,-7.4825,-1.2350,-1.6871,7.769
9.634435,-8.1118,-0.2423,-1.8914,8.333
9.635211,-8.7390,0.4661,-1.8573,8.946
9.635698,-9.2694,0.7532,-1.3156,9.393
9.640293,-9.4615,0.7361,-0.0226,9.490
9.644906,-9.0097,0.8002,2.0704,9.279
9.649604,-8.0992,0.9438,4.7954,9.460
9.654892,-7.0180,0.9748,7.6843,10.452
9.660789,-5.8679,1.0102,10.2688,11.870
9.664546,-4.7025,1.1682,12.1643,13.094
9.669409,-3.6653,1.3516,13.1712,13.738
9.674700,-2.9727,1.4538,13.1971,13.606
9.681674,-2.6476,1.5204,12.4757,12.844
9.684780,-2.6471,1.6337,11.3263,11.746
9.689905,-2.7808,1.8015,10.0773,10.608
9.694674,-2.8730,1.9638,9.0046,9.654
9.700563,-3.0419,1.9905,7.9610,8.752
9.704777,-3.1638,1.8331,6.9741,7.875
9.709704,-3.2130,1.4906,6.0910,7.046
9.714407,-3.0849,1.1188,5.3637,6.288
9.720451,-2.7728,0.7940,4.7877,5.589
9.732904,-2.2283,0.5007,4.3467,4.910
9.733471,-1.6150,0.2714,3.9075,4.237
9.734793,-0.9560,0.0648,3.3535,3.488
9.740437,-0.4348,-0.1290,2.6777,2.716
9.744959,0.0181,-0.2787,1.9498,1.970
9.749673,0.4361,-0.4364,1.1550,1.309
9.754560,0.8361,-0.5657,0.3312,1.062
9.760407,1.1684,-0.6254,-0.4620,1.403
9.765604,1.4597,-0.6296,-1.1792,1.979
9.769817,1.6338,-0.5809,-1.8255,2.518
9.774417,1.7436,-0.4792,-2.4151,3.017
9.781339,1.8065,-0.3368,-2.9671,3.490
9.784567,1.8108,-0.1969,-3.4671,3.916
9.789855,1.7618,-0.1148,-3.9412,4.319
9.795761,1.7439,-0.0575,-4.3007,4.641
9.800915,1.7527,-0.0898,-4.6004,4.924
9.804606,1.8558,-0.1427,-4.8688,5.212
9.809734,1.9601,-0.2427,-5.0365,5.410
9.818087,2.0727,-0.4282,-5.1728,5.589
9.820653,2.1549,-0.6944,-5.2611,5.728
9.840669,2.2730,-0.9815,-5.2965,5.847
9.841612,2.4019,-1.2298,-5.2720,5.922
9.842311,2.5261,-1.4231,-5.1300,5.893
9.842962,2.6563,-1.5883,-4.9231,5.815
9.846314,2.8078,-1.6590,-4.7037,5.724
9.849815,3.0107,-1.7101,-4.5863,5.747
9.854829,3.2356,-1.8304,-4.5347,5.864
9.860452,3.4608,-1.9317,-4.6467,6.107
9.864719,3.7632,-1.9782,-4.9102,6.495
9.870120,4.1583,-1.9412,-5.2316,6.959
9.874476,4.4590,-1.8016,-5.5606,7.352
9.882723,4.7251,-1.6547,-5.9524,7.778
9.885366,4.8952,-1.4573,-6.2684,8.086
9.889769,5.0245,-1.2547,-6.4227,8.251
9.894934,5.0726,-1.0303,-6.5040,8.312
9.900446,4.9558,-0.8625,-6.4624,8.189
9.904956,4.8010,-0.7581,-6.3126,7.967
9.909595,4.6487,-0.8364,-5.9401,7.589
9.917264,4.5489,-0.9899,-5.2710,7.032
9.920131,4.6157,-1.1884,-4.2092,6.359
9.930366,4.9471,-1.2333,-2.8283,5.830
9.930944,5.3923,-1.1153,-1.3974,5.681
9.935000,5.8776,-0.9730,-0.0038,5.958
9.940416,6.4862,-0.6576,1.1288,6.616
9.945385,7.4019,0.0718,1.6975,7.594
9.949857,8.3519,1.1232,1.4919,8.558
9.954573,8.7787,1.9258,0.5995,9.007
9.960710,8.5819,2.3111,-0.5873,8.907
9.964672,7.5467,2.2476,-1.7205,8.060
9.970301,5.9065,1.9806,-2.0980,6.574
9.974884,4.4114,2.1659,-1.4023,5.111
9.981425,3.4244,3.0026,-0.1211,4.556
9.985393,2.9516,4.2319,1.5076,5.375
9.990521,2.5803,4.9627,3.5726,6.637
9.995539,1.8088,4.6332,5.9002,7.717
10.000314,0.9024,3.6414,7.9202,8.764
10.005344,0.3135,2.6385,9.4166,9.784
10.009988,0.0949,1.7986,10.4722,10.626
10.016988,0.0388,0.9327,11.2265,11.265
10.023655,-0.0303,-0.1363,12.0411,12.042
10.033402,-0.1311,-1.2325,13.0819,13.141
10.033989,-0.3290,-2.0401,14.3526,14.501
10.035282,-0.5888,-2.5776,15.6228,15.845
10.040221,-0.8685,-2.8974,16.6580,16.930
10.045662,-1.1093,-3.0444,17.2020,17.505
10.049972,-1.2516,-3.0140,16.9360,17.248
10.056740,-1.3369,-2.8477,15.8899,16.198
10.060540,-1.2697,-2.5925,14.0927,14.385
10.065674,-1.1701,-2.3898,12.0490,12.339
10.069666,-1.1925,-2.2304,9.9636,10.280
10.075512,-1.2302,-2.1337,7.8883,8.264
10.081142,-1.2674,-2.0093,5.9058,6.366
10.085527,-1.3033,-1.9656,4.1421,4.766
10.089836,-1.2252,-1.9776,2.6035,3.491
10.095060,-1.0569,-1.9681,1.3038,2.587
10.100445,-0.8675,-2.0349,0.2473,2.226
10.106281,-0.7282,-2.1060,-0.6930,2.334
10.110029,-0.6727,-2.2145,-1.5391,2.779
10.114798,-0.7251,-2.3624,-2.2911,3.370
10.120941,-0.9340,-2.4851,-2.8632,3.905
10.126958,-1.2454,-2.5588,-3.3106,4.366
10.129730,-1.5695,-2.6386,-3.6526,4.772
10.135876,-1.8715,-2.7963,-3.9420,5.183
10.140802,-2.2004,-2.9650,-4.1549,5.558
10.145035,-2.4516,-3.1545,-4.3488,5.905
10.150095,-2.6234,-3.3149,-4.4971,6.172
10.155586,-2.7639,-3.5159,-4.6190,6.429
10.160407,-2.9257,-3.7536,-4.6734,6.670
10.165238,-3.1494,-3.9879,-4.7152,6.932
10.170352,-3.3684,-4.1909,-4.8085,7.213
10.175163,-3.5469,-4.3702,-4.9076,7.467
10.182293,-3.6656,-4.5119,-5.0817,7.721
10.185495,-3.7676,-4.7164,-5.2804,8.020
10.190203,-3.7880,-4.8163,-5.5445,8.264
10.195910,-3.7098,-4.9813,-5.7661,8.475
10.201460,-3.5971,-5.1491,-5.9597,8.659
10.204890,-3.4377,-5.3694,-6.1207,8.838
10.209839,-3.2056,-5.5724,-6.2781,8.986
10.217652,-2.8791,-5.6933,-6.3960,9.034
10.220566,-2.6319,-5.7562,-6.4219,9.017
10.233570,-2.5461,-5.7474,-6.3817,8.958
10.234212,-2.5169,-5.7011,-6.3275,8.881
10.236831,-2.5469,-5.5984,-6.3286,8.825
10.240668,-2.7154,-5.5896,-6.3131,8.858
10.245049,-3.0146,-5.6146,-6.2046,8.894
10.249798,-3.4305,-5.6724,-6.0419,8.969
10.255908,-3.9620,-5.6089,-5.7348,8.947
10.261771,-4.6366,-5.3639,-5.2551,8.825
10.265472,-5.2647,-4.9446,-4.4453,8.481
10.269822,-5.7384,-4.3539,-3.4423,7.983
10.275257,-5.9862,-3.6302,-2.3707,7.391
10.281440,-5.9522,-2.6548,-1.1924,6.626
10.285784,-5.6804,-1.4356,-0.2351,5.864
10.290662,-5.3082,-0.4477,0.0511,5.327
10.294867,-4.8753,0.1829,-0.3800,4.894
10.300671,-4.2549,0.6564,-1.2163,4.474
10.305538,-3.7876,1.0851,-2.1753,4.501
10.311007,-3.5934,1.3800,-2.9221,4.833
10.315012,-3.5696,1.4605,-3.0259,4.902
10.325341,-3.6163,1.5612,-2.1243,4.475
10.326124,-3.8617,1.4049,-0.3125,4.121
10.336509,-4.2683,0.9011,1.6972,4.681
10.337007,-4.5455,0.4006,3.4344,5.711
10.340624,-4.7234,-0.0473,5.1299,6.973
10.345152,-4.8683,-0.5771,7.1443,8.665
10.352184,-4.7760,-1.1099,9.5757,10.758
10.354778,-4.4245,-1.5397,12.1186,12.993
10.360732,-3.7879,-1.8755,14.3745,14.983
10.365359,-2.9278,-2.1345,15.9399,16.346
10.369818,-1.8806,-2.3563,16.6951,16.965
10.374971,-0.8776,-2.4231,16.6253,16.824
10.380944,-0.0493,-2.3088,15.7842,15.952
10.385346,0.3586,-2.0809,14.2531,14.409
10.390695,0.3618,-1.6449,12.2965,12.411
10.396772,0.1154,-1.0352,10.2548,10.308
10.400526,-0.3103,-0.2362,8.3197,8.329
10.405683,-0.8672,0.6334,6.5204,6.608
10.410973,-1.4930,1.5239,4.8382,5.288
10.415788,-2.0872,2.3208,3.3072,4.547
10.424782,-2.5200,3.0026,1.8969,4.355
10.425586,-2.7088,3.5094,0.6323,4.478
10.434232,-2.7230,3.7854,-0.3012,4.673
10.435008,-2.5794,3.8289,-0.9449,4.712
10.440777,-2.2540,3.7283,-1.2393,4.529
10.445604,-1.9018,3.5305,-1.2057,4.187
10.450197,-1.5489,3.2243,-0.9246,3.695
10.455708,-1.2409,2.9104,-0.4956,3.202
10.460828,-0.8629,2.5055,-0.0921,2.652
10.465180,-0.4291,2.0656,0.1600,2.116
10.470339,0.0514,1.5704,0.2210,1.587
10.474946,0.5554,1.0765,0.1682,1.223
10.481080,0.9856,0.6505,-0.0625,1.183
10.485163,1.2974,0.2945,-0.4707,1.411
10.489947,1.4817,-0.0008,-0.9369,1.753
10.496068,1.5720,-0.3092,-1.4708,2.175
10.500949,1.6233,-0.5919,-1.9961,2.640
10.506067,1.6548,-0.8650,-2.5751,3.181
10.510329,1.7718,-1.1446,-3.1534,3.794
10.515785,1.7928,-1.4159,-3.6186,4.279
10.521566,1.7663,-1.6239,-4.0332,4.693
10.526246,1.7984,-1.7951,-4.3444,5.033
10.531637,1.9041,-1.9489,-4.5907,5.338
10.535029,2.0581,-2.0784,-4.8414,5.656
10.541539,2.1804,-2.1794,-5.0316,5.901
10.545819,2.3503,-2.2691,-5.0967,6.054
10.550910,2.4919,-2.3865,-5.0558,6.121
10.555152,2.6082,-2.5514,-4.8919,6.103
10.560659,2.6491,-2.7334,-4.6239,5.989
10.566006,2.7528,-2.8878,-4.1966,5.790
10.570792,2.8854,-3.0490,-3.7389,5.621
10.576246,3.0679,-3.1676,-3.2766,5.494
10.581159,3.2003,-3.1962,-2.9673,5.409
10.585054,3.2347,-3.2731,-2.7752,5.374
10.590306,3.2451,-3.2948,-2.6335,5.322
10.595361,3.2880,-3.2488,-2.4396,5.227
10.600483,3.3290,-3.1013,-2.1599,5.036
10.605740,3.3847,-2.8713,-1.8093,4.793
10.610018,3.4289,-2.6633,-1.4837,4.588
10.615384,3.4566,-2.4812,-1.1333,4.403
10.622765,3.5557,-2.1094,-0.6483,4.185
10.631620,3.7356,-1.5743,-0.1390,4.056
10.632071,3.9182,-1.2439,0.2129,4.116
10.638398,3.9907,-1.3232,0.4549,4.229
10.640398,3.9386,-1.6290,0.6538,4.312
10.645743,3.7077,-1.8777,0.8926,4.251
10.651094,3.4550,-1.8362,1.2709,4.114
10.655522,3.2501,-1.5111,1.8336,4.026
10.660822,2.8967,-1.3303,2.4915,4.046
10.665545,2.6667,-1.2123,3.2206,4.354
10.670377,2.6614,-1.0809,4.0256,4.945
10.675369,2.7461,-0.9002,4.5904,5.424
10.680976,2.8514,-0.7653,4.8333,5.664
10.685398,2.2630,-0.7586,5.5187,6.013
10.690104,2.3135,-0.7276,5.5424,6.050
10.695780,1.8575,-0.2054,5.0840,5.417
10.701095,1.1197,0.0047,4.2971,4.441
10.705362,1.1076,0.1132,3.8377,3.996
10.710759,0.8819,0.0429,3.4409,3.552
10.715302,-0.5570,0.5023,3.6173,3.694
10.721369,-2.2450,1.3152,5.3820,5.978
10.726276,-2.7687,2.2038,6.7908,7.657
10.731108,-3.3054,2.6565,7.4079,8.536
10.735372,-2.7839,2.2374,7.5294,8.334
10.740789,-1.9368,1.4989,7.6107,7.995
10.745478,-1.0246,0.9485,7.4962,7.625
10.750081,-0.0131,0.5960,7.0735,7.099
10.755644,0.7622,0.1220,6.3662,6.413
10.760654,1.1283,-0.3311,5.5364,5.660
10.765352,1.2066,-0.5351,4.6625,4.846
10.770954,1.0297,-0.6302,3.7152,3.906
10.775710,0.5582,-0.6566,2.8903,3.016
10.780901,0.0970,-0.6477,2.0989,2.199
10.786238,-0.2953,-0.6986,1.2164,1.433
10.790838,-0.6405,-0.7059,0.3263,1.008
10.795823,-0.9127,-0.6624,-0.4878,1.229
10.800686,-1.2288,-0.6160,-1.1972,1.823
10.805684,-1.5268,-0.6387,-1.8234,2.462
10.810443,-1.7712,-0.6591,-2.1846,2.889
10.815979,-1.8856,-0.6829,-2.3236,3.069
10.824134,-1.8510,-0.7756,-2.3190,3.067
10.825853,-1.7564,-1.0166,-2.3382,3.096
10.833179,-1.5948,-1.3316,-2.3116,3.108
10.836778,-1.4356,-1.6086,-2.2680,3.129
10.841349,-1.2858,-1.8720,-2.1114,3.101
10.845773,-1.2144,-2.1126,-1.9399,3.115
10.851029,-1.1399,-2.3570,-1.8416,3.201
10.855210,-1.0457,-2.5483,-1.7855,3.283
10.860974,-0.9817,-2.7226,-1.7615,3.388
10.865985,-0.9040,-2.8444,-1.8462,3.509
10.870146,-0.8017,-2.9809,-2.1133,3.741
10.875408,-0.7593,-3.0727,-2.4570,4.007
10.881277,-0.8137,-3.1324,-2.8124,4.288
10.885512,-0.9210,-3.1867,-3.1361,4.565
10.890924,-1.0758,-3.2025,-3.4423,4.823
10.895544,-1.2688,-3.1917,-3.6953,5.045
10.900431,-1.4305,-3.1567,-3.9787,5.276
10.905618,-1.5207,-3.1353,-4.1829,5.444
10.910798,-1.4542,-3.2274,-4.3773,5.630
10.916069,-1.4187,-3.3462,-4.4645,5.757
10.920867,-1.3367,-3.4574,-4.3755,5.735
10.925307,-1.2245,-3.5416,-4.1302,5.577
10.931100,-1.0886,-3.6726,-3.7626,5.369
10.935828,-0.9453,-3.8360,-3.3615,5.187
10.943067,-0.8603,-3.9406,-3.0469,5.055
10.945389,-0.8572,-4.0630,-2.8091,5.013
10.951230,-0.8687,-4.1598,-2.5741,4.968
10.955345,-0.8576,-4.2153,-2.2479,4.854
10.961661,-0.8220,-4.1348,-1.8778,4.615
10.965644,-0.8624,-3.9316,-1.5369,4.309
10.970573,-0.9909,-3.7091,-1.2678,4.043
10.975663,-1.1275,-3.4100,-0.9719,3.721
10.980937,-1.3380,-2.9934,-0.6756,3.348
10.986751,-1.5819,-2.4730,-0.4199,2.966
10.990256,-1.9963,-2.0169,-0.2439,2.848
10.995822,-2.5702,-1.6306,-0.0816,3.045
11.001010,-3.0858,-1.1598,0.2095,3.303
11.006236,-3.3922,-0.5128,0.5063,3.468
11.010861,-3.5083,0.4329,0.7194,3.607
11.015251,-3.5731,1.5637,0.5659,3.941
11.021006,-3.9489,2.0085,0.2269,4.436
11.025666,-4.6524,1.4851,0.2490,4.890
11.031090,-5.0441,0.8101,0.7939,5.170
11.040533,-5.0062,0.4740,1.5307,5.256
11.041029,-4.5204,0.3135,2.3538,5.106
11.045539,-3.9842,0.0337,3.2061,5.114
11.050322,-3.6630,-0.5022,3.9852,5.436
11.056832,-3.5084,-0.9577,4.5915,5.857
11.060938,-3.4973,-1.1906,5.1291,6.321
11.065500,-3.5338,-1.2312,5.5110,6.661
11.070737,-3.6515,-1.2845,5.8319,7.000
11.075679,-3.8839,-1.3969,6.1144,7.377
11.082090,-4.1240,-1.4786,6.5149,7.851
11.085627,-4.2344,-1.4851,6.9885,8.305
11.090473,-4.3417,-1.5226,7.4496,8.756
11.095820,-4.4391,-1.6107,7.8002,9.118
11.101760,-4.4587,-1.5369,7.9760,9.266
11.106255,-4.3803,-1.3948,7.9482,9.182
11.110763,-4.2410,-1.3015,7.6667,8.858
11.116232,-4.1141,-1.1489,7.0354,8.231
11.120752,-4.0007,-0.9263,6.1379,7.385
11.125590,-3.9160,-0.7282,5.0834,6.458
11.130779,-3.7524,-0.5987,4.0437,5.549
11.137241,-3.5700,-0.4699,3.0804,4.739
11.140624,-3.3065,-0.3861,2.1832,3.981
11.146018,-2.9238,-0.3416,1.4975,3.303
11.150669,-2.5653,-0.3669,0.9679,2.766
11.156281,-2.1588,-0.4329,0.6609,2.299
11.161070,-1.7709,-0.5206,0.4906,1.910
11.167018,-1.4178,-0.6351,0.4786,1.626
11.170931,-1.1468,-0.7005,0.5630,1.457
11.175979,-0.8686,-0.7730,0.6798,1.347
11.181099,-0.5923,-0.8605,0.7770,1.302
11.185577,-0.3752,-0.9879,0.8766,1.373
11.191546,-0.1095,-1.1751,0.9934,1.543
11.195733,0.1069,-1.3225,1.1063,1.728
11.201792,0.2429,-1.4886,1.2922,1.986
11.205860,0.3061,-1.5878,1.3768,2.124
11.211280,0.3610,-1.7187,1.3556,2.219
11.215950,0.3671,-1.8120,1.2621,2.239
11.221131,0.3893,-1.8776,1.1923,2.258
11.226368,0.3728,-1.8869,1.0816,2.207
11.231566,0.3462,-1.8641,0.9037,2.100
11.240523,0.3286,-1.8592,0.6586,2.000
11.241137,0.2719,-1.8528,0.3701,1.909
11.246314,0.2116,-1.8684,0.0714,1.882
11.250637,0.1143,-1.8289,-0.3094,1.858
11.256568,0.0903,-1.8125,-0.7461,1.962
11.260914,0.0779,-1.7727,-1.2010,2.143
11.266600,0.0157,-1.7162,-2.6888,3.190
11.271472,-0.2901,-1.3960,-3.5161,3.794
11.276210,-0.4607,-1.2557,-3.4087,3.662
11.281677,-0.5953,-1.2669,-3.2641,3.552
11.286044,-0.4387,-1.2797,-2.9795,3.272
11.290284,-0.1678,-1.3713,-2.6885,3.023
11.296129,-0.0552,-1.5308,-2.4814,2.916
11.300910,-0.0244,-1.5701,-2.1737,2.682
11.305587,0.0440,-1.4953,-1.7484,2.301
11.310794,0.0975,-1.4103,-1.2290,1.873
11.315489,0.1343,-1.3419,-0.7757,1.556
11.320809,0.2082,-1.3350,-0.5988,1.478
11.327015,0.3178,-1.3191,-0.6983,1.526
11.330597,0.3686,-1.2815,-0.8754,1.595
11.337196,0.3636,-1.2530,-0.9054,1.588
11.341292,0.3990,-1.1976,-0.8457,1.519
11.345676,0.4271,-1.0890,-0.6943,1.360
11.350444,0.3569,-0.9938,-0.6640,1.247
11.355894,0.1482,-0.8611,-0.9655,1.302
11.361001,-0.0365,-0.7976,-1.5031,1.702
11.365433,-0.0064,-0.7234,-2.0523,2.176
11.370866,-0.0617,-0.6912,-2.1922,2.299
